/*******************************************************************************
 * Size: 30 px
 * Bpp: 4
 * Opts: --font Roboto-Bold.ttf --size 30 --bpp 4 --format lvgl --no-compress -r 0x20-0x7E -r 0xB0 -r 0x2022 -o roboto_bold_30.c
 ******************************************************************************/

#include "lvgl.h"

#ifndef ROBOTO_BOLD_30
#define ROBOTO_BOLD_30 1
#endif

#if ROBOTO_BOLD_30

/*-----------------
 *    BITMAPS
 *----------------*/

/*Store the image of the glyphs*/
static LV_ATTRIBUTE_LARGE_CONST const uint8_t glyph_bitmap[] = {
    /* U+0020 " " */

    /* U+0021 "!" */
    0x1f, 0xff, 0xf6, 0xf, 0xff, 0xf6, 0xf, 0xff,
    0xf5, 0xf, 0xff, 0xf5, 0xe, 0xff, 0xf4, 0xe,
    0xff, 0xf3, 0xd, 0xff, 0xf3, 0xd, 0xff, 0xf2,
    0xc, 0xff, 0xf2, 0xc, 0xff, 0xf1, 0xb, 0xff,
    0xf1, 0xb, 0xff, 0xf0, 0xa, 0xff, 0xf0, 0x9,
    0xff, 0xf0, 0x6, 0xaa, 0x90, 0x0, 0x0, 0x0,
    0x0, 0x46, 0x10, 0xb, 0xff, 0xf2, 0x2f, 0xff,
    0xf7, 0xf, 0xff, 0xf6, 0x5, 0xef, 0x90,

    /* U+0022 "\"" */
    0x1f, 0xfe, 0x4, 0xff, 0xa1, 0xff, 0xe0, 0x4f,
    0xfa, 0x1f, 0xfd, 0x4, 0xff, 0x91, 0xff, 0xb0,
    0x4f, 0xf8, 0x1f, 0xfa, 0x4, 0xff, 0x61, 0xff,
    0x80, 0x4f, 0xf5, 0x1f, 0xf7, 0x4, 0xff, 0x30,
    0xff, 0x50, 0x4f, 0xf2,

    /* U+0023 "#" */
    0x0, 0x0, 0x0, 0x2f, 0xf8, 0x0, 0xaf, 0xf0,
    0x0, 0x0, 0x0, 0x0, 0x5f, 0xf5, 0x0, 0xcf,
    0xd0, 0x0, 0x0, 0x0, 0x0, 0x7f, 0xf2, 0x0,
    0xff, 0xb0, 0x0, 0x0, 0x0, 0x0, 0xaf, 0xf0,
    0x2, 0xff, 0x80, 0x0, 0x0, 0x0, 0x0, 0xdf,
    0xd0, 0x5, 0xff, 0x50, 0x0, 0x0, 0x0, 0x0,
    0xff, 0xa0, 0x8, 0xff, 0x20, 0x0, 0x0, 0xff,
    0xff, 0xff, 0xff, 0xff, 0xff, 0xff, 0xf4, 0x0,
    0xff, 0xff, 0xff, 0xff, 0xff, 0xff, 0xff, 0xf4,
    0x0, 0x88, 0x8d, 0xff, 0x88, 0x9f, 0xfc, 0x88,
    0x82, 0x0, 0x0, 0xb, 0xfe, 0x0, 0x3f, 0xf7,
    0x0, 0x0, 0x0, 0x0, 0xe, 0xfb, 0x0, 0x6f,
    0xf4, 0x0, 0x0, 0x0, 0x0, 0x1f, 0xf9, 0x0,
    0x9f, 0xf1, 0x0, 0x0, 0x8, 0x88, 0xaf, 0xfb,
    0x88, 0xef, 0xf8, 0x88, 0x10, 0x1f, 0xff, 0xff,
    0xff, 0xff, 0xff, 0xff, 0xff, 0x20, 0x1f, 0xff,
    0xff, 0xff, 0xff, 0xff, 0xff, 0xff, 0x20, 0x0,
    0x0, 0xdf, 0xd0, 0x5, 0xff, 0x50, 0x0, 0x0,
    0x0, 0x0, 0xff, 0xa0, 0x7, 0xff, 0x20, 0x0,
    0x0, 0x0, 0x2, 0xff, 0x70, 0xa, 0xff, 0x0,
    0x0, 0x0, 0x0, 0x5, 0xff, 0x50, 0xd, 0xfd,
    0x0, 0x0, 0x0, 0x0, 0x8, 0xff, 0x20, 0xf,
    0xfa, 0x0, 0x0, 0x0, 0x0, 0xb, 0xff, 0x0,
    0x3f, 0xf7, 0x0, 0x0, 0x0,

    /* U+0024 "$" */
    0x0, 0x0, 0x0, 0x7, 0x71, 0x0, 0x0, 0x0,
    0x0, 0x0, 0x1, 0xff, 0x40, 0x0, 0x0, 0x0,
    0x0, 0x0, 0x1f, 0xf4, 0x0, 0x0, 0x0, 0x0,
    0x0, 0x14, 0xff, 0x60, 0x0, 0x0, 0x0, 0x2,
    0xaf, 0xff, 0xff, 0xf9, 0x10, 0x0, 0x4, 0xff,
    0xff, 0xff, 0xff, 0xfd, 0x10, 0x1, 0xff, 0xff,
    0xff, 0xff, 0xff, 0xfc, 0x0, 0x8f, 0xff, 0xf6,
    0x11, 0x9f, 0xff, 0xf4, 0xc, 0xff, 0xf9, 0x0,
    0x0, 0xdf, 0xff, 0x90, 0xdf, 0xff, 0x60, 0x0,
    0x8, 0xff, 0xfb, 0xc, 0xff, 0xf9, 0x0, 0x0,
    0x36, 0x66, 0x50, 0x8f, 0xff, 0xf5, 0x0, 0x0,
    0x0, 0x0, 0x1, 0xff, 0xff, 0xfc, 0x50, 0x0,
    0x0, 0x0, 0x4, 0xff, 0xff, 0xff, 0xe7, 0x0,
    0x0, 0x0, 0x2, 0xcf, 0xff, 0xff, 0xfe, 0x40,
    0x0, 0x0, 0x0, 0x4b, 0xff, 0xff, 0xff, 0x50,
    0x0, 0x0, 0x0, 0x2, 0x9f, 0xff, 0xff, 0x10,
    0x0, 0x0, 0x0, 0x0, 0x3f, 0xff, 0xf8, 0x7b,
    0xbb, 0x70, 0x0, 0x0, 0x9f, 0xff, 0xb8, 0xff,
    0xfc, 0x0, 0x0, 0x7, 0xff, 0xfc, 0x5f, 0xff,
    0xf3, 0x0, 0x0, 0xbf, 0xff, 0xb0, 0xff, 0xff,
    0xe7, 0x34, 0xaf, 0xff, 0xf6, 0x6, 0xff, 0xff,
    0xff, 0xff, 0xff, 0xfd, 0x0, 0x7, 0xff, 0xff,
    0xff, 0xff, 0xfd, 0x20, 0x0, 0x2, 0x9e, 0xff,
    0xff, 0xd7, 0x0, 0x0, 0x0, 0x0, 0x6, 0xff,
    0x0, 0x0, 0x0, 0x0, 0x0, 0x0, 0x5f, 0xf0,
    0x0, 0x0, 0x0, 0x0, 0x0, 0x5, 0xff, 0x0,
    0x0, 0x0,

    /* U+0025 "%" */
    0x0, 0x6c, 0xff, 0xc7, 0x0, 0x0, 0x0, 0x0,
    0x0, 0x0, 0xa, 0xff, 0xff, 0xff, 0xb0, 0x0,
    0x0, 0x0, 0x0, 0x0, 0x4f, 0xfe, 0x88, 0xef,
    0xf5, 0x0, 0x0, 0x92, 0x0, 0x0, 0x8f, 0xf5,
    0x0, 0x5f, 0xf9, 0x0, 0x9, 0xff, 0x10, 0x0,
    0x9f, 0xf3, 0x0, 0x2f, 0xfa, 0x0, 0x4f, 0xf6,
    0x0, 0x0, 0x8f, 0xf5, 0x0, 0x4f, 0xf9, 0x0,
    0xef, 0xc0, 0x0, 0x0, 0x4f, 0xfe, 0x88, 0xef,
    0xf5, 0x9, 0xff, 0x20, 0x0, 0x0, 0xa, 0xff,
    0xff, 0xff, 0xb0, 0x4f, 0xf7, 0x0, 0x0, 0x0,
    0x0, 0x6c, 0xff, 0xd7, 0x0, 0xdf, 0xc0, 0x0,
    0x0, 0x0, 0x0, 0x0, 0x0, 0x0, 0x9, 0xff,
    0x20, 0x0, 0x0, 0x0, 0x0, 0x0, 0x0, 0x0,
    0x3f, 0xf8, 0x0, 0x0, 0x0, 0x0, 0x0, 0x0,
    0x0, 0x0, 0xdf, 0xd0, 0x3b, 0xef, 0xd8, 0x0,
    0x0, 0x0, 0x0, 0x8, 0xff, 0x35, 0xff, 0xff,
    0xff, 0xc0, 0x0, 0x0, 0x0, 0x3f, 0xf8, 0xf,
    0xff, 0xa8, 0xef, 0xf7, 0x0, 0x0, 0x0, 0xdf,
    0xd0, 0x4f, 0xfa, 0x0, 0x3f, 0xfb, 0x0, 0x0,
    0x8, 0xff, 0x30, 0x6f, 0xf6, 0x0, 0xf, 0xfd,
    0x0, 0x0, 0x3f, 0xf9, 0x0, 0x6f, 0xf6, 0x0,
    0xf, 0xfd, 0x0, 0x0, 0xdf, 0xe0, 0x0, 0x4f,
    0xfa, 0x0, 0x2f, 0xfc, 0x0, 0x0, 0x5e, 0x40,
    0x0, 0xf, 0xff, 0xa7, 0xdf, 0xf7, 0x0, 0x0,
    0x0, 0x0, 0x0, 0x5, 0xff, 0xff, 0xff, 0xc0,
    0x0, 0x0, 0x0, 0x0, 0x0, 0x0, 0x4b, 0xff,
    0xd8, 0x0,

    /* U+0026 "&" */
    0x0, 0x0, 0x3a, 0xef, 0xeb, 0x50, 0x0, 0x0,
    0x0, 0x0, 0x0, 0x8f, 0xff, 0xff, 0xff, 0xa0,
    0x0, 0x0, 0x0, 0x0, 0x5f, 0xff, 0xff, 0xff,
    0xff, 0x80, 0x0, 0x0, 0x0, 0xd, 0xff, 0xfc,
    0x79, 0xff, 0xfe, 0x0, 0x0, 0x0, 0x0, 0xff,
    0xfd, 0x0, 0x9, 0xff, 0xf1, 0x0, 0x0, 0x0,
    0x1f, 0xff, 0xb0, 0x0, 0x7f, 0xff, 0x0, 0x0,
    0x0, 0x0, 0xff, 0xfe, 0x0, 0x1d, 0xff, 0xb0,
    0x0, 0x0, 0x0, 0x9, 0xff, 0xf9, 0x5e, 0xff,
    0xf2, 0x0, 0x0, 0x0, 0x0, 0x1f, 0xff, 0xff,
    0xff, 0xe3, 0x0, 0x0, 0x0, 0x0, 0x0, 0x6f,
    0xff, 0xff, 0xb1, 0x0, 0x0, 0x0, 0x0, 0x0,
    0x2d, 0xff, 0xff, 0xf4, 0x0, 0x3, 0x55, 0x50,
    0x0, 0x3f, 0xff, 0xff, 0xff, 0xf3, 0x0, 0xaf,
    0xff, 0x0, 0x1e, 0xff, 0xf8, 0xcf, 0xff, 0xe2,
    0xc, 0xff, 0xe0, 0x9, 0xff, 0xfa, 0x1, 0xdf,
    0xff, 0xd3, 0xff, 0xfb, 0x0, 0xdf, 0xff, 0x50,
    0x1, 0xef, 0xff, 0xff, 0xff, 0x70, 0xe, 0xff,
    0xf6, 0x0, 0x2, 0xef, 0xff, 0xff, 0xf1, 0x0,
    0xcf, 0xff, 0xc0, 0x0, 0x3, 0xff, 0xff, 0xf7,
    0x0, 0x7, 0xff, 0xff, 0xd7, 0x69, 0xef, 0xff,
    0xff, 0x80, 0x0, 0xd, 0xff, 0xff, 0xff, 0xff,
    0xff, 0xff, 0xff, 0x50, 0x0, 0x1c, 0xff, 0xff,
    0xff, 0xff, 0xfd, 0xff, 0xff, 0x20, 0x0, 0x5,
    0xae, 0xff, 0xeb, 0x71, 0xd, 0xff, 0xfd, 0x10,

    /* U+0027 "'" */
    0x1f, 0xff, 0x1, 0xff, 0xf0, 0x1f, 0xff, 0x1,
    0xff, 0xe0, 0x1f, 0xfd, 0x1, 0xff, 0xc0, 0x1f,
    0xfb, 0x1, 0xff, 0xa0,

    /* U+0028 "(" */
    0x0, 0x0, 0x0, 0x2, 0x10, 0x0, 0x0, 0x7,
    0xf7, 0x0, 0x0, 0x9, 0xff, 0xd0, 0x0, 0x7,
    0xff, 0xf3, 0x0, 0x2, 0xff, 0xf4, 0x0, 0x0,
    0xbf, 0xfa, 0x0, 0x0, 0x4f, 0xff, 0x10, 0x0,
    0xa, 0xff, 0xa0, 0x0, 0x1, 0xff, 0xf5, 0x0,
    0x0, 0x6f, 0xff, 0x10, 0x0, 0x9, 0xff, 0xd0,
    0x0, 0x0, 0xdf, 0xfa, 0x0, 0x0, 0xf, 0xff,
    0x80, 0x0, 0x0, 0xff, 0xf7, 0x0, 0x0, 0x2f,
    0xff, 0x60, 0x0, 0x2, 0xff, 0xf6, 0x0, 0x0,
    0x2f, 0xff, 0x60, 0x0, 0x1, 0xff, 0xf7, 0x0,
    0x0, 0xf, 0xff, 0x80, 0x0, 0x0, 0xdf, 0xfa,
    0x0, 0x0, 0xa, 0xff, 0xd0, 0x0, 0x0, 0x6f,
    0xff, 0x0, 0x0, 0x2, 0xff, 0xf4, 0x0, 0x0,
    0xb, 0xff, 0x90, 0x0, 0x0, 0x5f, 0xff, 0x10,
    0x0, 0x0, 0xdf, 0xf8, 0x0, 0x0, 0x3, 0xff,
    0xf2, 0x0, 0x0, 0x8, 0xff, 0xd1, 0x0, 0x0,
    0xb, 0xff, 0xc0, 0x0, 0x0, 0x9, 0xf8, 0x0,
    0x0, 0x0, 0x4, 0x20,

    /* U+0029 ")" */
    0x3, 0x0, 0x0, 0x0, 0x0, 0xed, 0x20, 0x0,
    0x0, 0x4f, 0xfe, 0x30, 0x0, 0x0, 0x9f, 0xfe,
    0x10, 0x0, 0x0, 0xcf, 0xfb, 0x0, 0x0, 0x2,
    0xff, 0xf5, 0x0, 0x0, 0x9, 0xff, 0xe0, 0x0,
    0x0, 0x3f, 0xff, 0x50, 0x0, 0x0, 0xdf, 0xfb,
    0x0, 0x0, 0x9, 0xff, 0xf0, 0x0, 0x0, 0x5f,
    0xff, 0x40, 0x0, 0x2, 0xff, 0xf8, 0x0, 0x0,
    0xf, 0xff, 0xb0, 0x0, 0x0, 0xff, 0xfc, 0x0,
    0x0, 0xe, 0xff, 0xd0, 0x0, 0x0, 0xef, 0xfe,
    0x0, 0x0, 0xe, 0xff, 0xd0, 0x0, 0x0, 0xff,
    0xfc, 0x0, 0x0, 0xf, 0xff, 0xb0, 0x0, 0x2,
    0xff, 0xf8, 0x0, 0x0, 0x4f, 0xff, 0x50, 0x0,
    0x8, 0xff, 0xf1, 0x0, 0x0, 0xcf, 0xfc, 0x0,
    0x0, 0x1f, 0xff, 0x60, 0x0, 0x8, 0xff, 0xe0,
    0x0, 0x1, 0xff, 0xf6, 0x0, 0x0, 0xaf, 0xfc,
    0x0, 0x0, 0x7f, 0xff, 0x20, 0x0, 0x4f, 0xff,
    0x40, 0x0, 0x0, 0xfe, 0x40, 0x0, 0x0, 0x5,
    0x10, 0x0, 0x0, 0x0,

    /* U+002A "*" */
    0x0, 0x0, 0x7, 0xff, 0x50, 0x0, 0x0, 0x0,
    0x0, 0x6, 0xff, 0x40, 0x0, 0x0, 0x0, 0x0,
    0x5, 0xff, 0x30, 0x0, 0x0, 0x8, 0x40, 0x4,
    0xff, 0x30, 0x3, 0x50, 0x2f, 0xfd, 0x74, 0xff,
    0x26, 0xcf, 0xe0, 0x7f, 0xff, 0xff, 0xff, 0xff,
    0xff, 0xf3, 0x3, 0x7c, 0xff, 0xff, 0xff, 0xd8,
    0x40, 0x0, 0x0, 0x5f, 0xff, 0xf2, 0x0, 0x0,
    0x0, 0x2, 0xef, 0xef, 0xfa, 0x0, 0x0, 0x0,
    0xd, 0xff, 0x3a, 0xff, 0x70, 0x0, 0x0, 0xaf,
    0xf9, 0x1, 0xef, 0xf4, 0x0, 0x0, 0x9f, 0xe0,
    0x0, 0x5f, 0xf5, 0x0, 0x0, 0x4, 0x40, 0x0,
    0x8, 0x20, 0x0,

    /* U+002B "+" */
    0x0, 0x0, 0x0, 0x56, 0x66, 0x10, 0x0, 0x0,
    0x0, 0x0, 0x0, 0xdf, 0xff, 0x20, 0x0, 0x0,
    0x0, 0x0, 0x0, 0xdf, 0xff, 0x20, 0x0, 0x0,
    0x0, 0x0, 0x0, 0xdf, 0xff, 0x20, 0x0, 0x0,
    0x0, 0x0, 0x0, 0xdf, 0xff, 0x20, 0x0, 0x0,
    0x0, 0x0, 0x0, 0xdf, 0xff, 0x20, 0x0, 0x0,
    0x2c, 0xcc, 0xcc, 0xff, 0xff, 0xdc, 0xcc, 0xc5,
    0x2f, 0xff, 0xff, 0xff, 0xff, 0xff, 0xff, 0xf7,
    0x2f, 0xff, 0xff, 0xff, 0xff, 0xff, 0xff, 0xf7,
    0x2f, 0xff, 0xff, 0xff, 0xff, 0xff, 0xff, 0xf7,
    0x0, 0x0, 0x0, 0xdf, 0xff, 0x20, 0x0, 0x0,
    0x0, 0x0, 0x0, 0xdf, 0xff, 0x20, 0x0, 0x0,
    0x0, 0x0, 0x0, 0xdf, 0xff, 0x20, 0x0, 0x0,
    0x0, 0x0, 0x0, 0xdf, 0xff, 0x20, 0x0, 0x0,
    0x0, 0x0, 0x0, 0xdf, 0xff, 0x20, 0x0, 0x0,
    0x0, 0x0, 0x0, 0xdf, 0xff, 0x20, 0x0, 0x0,

    /* U+002C "," */
    0x0, 0xff, 0xf9, 0x0, 0xff, 0xf9, 0x0, 0xff,
    0xf9, 0x0, 0xff, 0xf8, 0x2, 0xff, 0xf5, 0x6,
    0xff, 0xf0, 0xd, 0xff, 0x90, 0x4f, 0xfe, 0x0,
    0x3, 0xb2, 0x0,

    /* U+002D "-" */
    0x26, 0x66, 0x66, 0x66, 0x56, 0xff, 0xff, 0xff,
    0xfd, 0x6f, 0xff, 0xff, 0xff, 0xd6, 0xff, 0xff,
    0xff, 0xfd,

    /* U+002E "." */
    0x0, 0x56, 0x20, 0xb, 0xff, 0xf3, 0x1f, 0xff,
    0xf9, 0xf, 0xff, 0xf7, 0x5, 0xdf, 0xa0,

    /* U+002F "/" */
    0x0, 0x0, 0x0, 0x0, 0x8f, 0xfa, 0x0, 0x0,
    0x0, 0x0, 0xdf, 0xf4, 0x0, 0x0, 0x0, 0x3,
    0xff, 0xe0, 0x0, 0x0, 0x0, 0x8, 0xff, 0x90,
    0x0, 0x0, 0x0, 0xe, 0xff, 0x40, 0x0, 0x0,
    0x0, 0x3f, 0xfe, 0x0, 0x0, 0x0, 0x0, 0x9f,
    0xf9, 0x0, 0x0, 0x0, 0x0, 0xef, 0xf3, 0x0,
    0x0, 0x0, 0x3, 0xff, 0xe0, 0x0, 0x0, 0x0,
    0x9, 0xff, 0x90, 0x0, 0x0, 0x0, 0xe, 0xff,
    0x30, 0x0, 0x0, 0x0, 0x4f, 0xfe, 0x0, 0x0,
    0x0, 0x0, 0x9f, 0xf8, 0x0, 0x0, 0x0, 0x0,
    0xef, 0xf3, 0x0, 0x0, 0x0, 0x4, 0xff, 0xd0,
    0x0, 0x0, 0x0, 0xa, 0xff, 0x80, 0x0, 0x0,
    0x0, 0xf, 0xff, 0x20, 0x0, 0x0, 0x0, 0x5f,
    0xfd, 0x0, 0x0, 0x0, 0x0, 0xaf, 0xf7, 0x0,
    0x0, 0x0, 0x0, 0xff, 0xf2, 0x0, 0x0, 0x0,
    0x5, 0xff, 0xc0, 0x0, 0x0, 0x0, 0xa, 0xff,
    0x70, 0x0, 0x0, 0x0, 0xf, 0xff, 0x20, 0x0,
    0x0, 0x0,

    /* U+0030 "0" */
    0x0, 0x0, 0x6b, 0xef, 0xec, 0x70, 0x0, 0x0,
    0x2, 0xdf, 0xff, 0xff, 0xff, 0xe3, 0x0, 0x0,
    0xef, 0xff, 0xff, 0xff, 0xff, 0xf2, 0x0, 0x9f,
    0xff, 0xf9, 0x68, 0xff, 0xff, 0xb0, 0xf, 0xff,
    0xf6, 0x0, 0x3, 0xff, 0xff, 0x24, 0xff, 0xfe,
    0x0, 0x0, 0xc, 0xff, 0xf7, 0x7f, 0xff, 0xb0,
    0x0, 0x0, 0x8f, 0xff, 0xa8, 0xff, 0xfa, 0x0,
    0x0, 0x7, 0xff, 0xfb, 0x9f, 0xff, 0xa0, 0x0,
    0x0, 0x6f, 0xff, 0xc9, 0xff, 0xfa, 0x0, 0x0,
    0x6, 0xff, 0xfd, 0x9f, 0xff, 0xa0, 0x0, 0x0,
    0x6f, 0xff, 0xd9, 0xff, 0xfa, 0x0, 0x0, 0x6,
    0xff, 0xfd, 0x9f, 0xff, 0xa0, 0x0, 0x0, 0x6f,
    0xff, 0xc8, 0xff, 0xfa, 0x0, 0x0, 0x7, 0xff,
    0xfb, 0x7f, 0xff, 0xb0, 0x0, 0x0, 0x8f, 0xff,
    0xa3, 0xff, 0xff, 0x0, 0x0, 0xc, 0xff, 0xf7,
    0xe, 0xff, 0xf6, 0x0, 0x3, 0xff, 0xff, 0x20,
    0x8f, 0xff, 0xf9, 0x68, 0xff, 0xff, 0xb0, 0x0,
    0xdf, 0xff, 0xff, 0xff, 0xff, 0xf2, 0x0, 0x1,
    0xdf, 0xff, 0xff, 0xff, 0xe3, 0x0, 0x0, 0x0,
    0x6b, 0xef, 0xec, 0x71, 0x0, 0x0,

    /* U+0031 "1" */
    0x0, 0x0, 0x0, 0x5, 0xbb, 0x0, 0x0, 0x5a,
    0xff, 0xfb, 0x4, 0x9e, 0xff, 0xff, 0xfb, 0x8f,
    0xff, 0xff, 0xff, 0xfb, 0x8f, 0xff, 0xff, 0xff,
    0xfb, 0x8f, 0xd9, 0x48, 0xff, 0xfb, 0x32, 0x0,
    0x8, 0xff, 0xfb, 0x0, 0x0, 0x8, 0xff, 0xfb,
    0x0, 0x0, 0x8, 0xff, 0xfb, 0x0, 0x0, 0x8,
    0xff, 0xfb, 0x0, 0x0, 0x8, 0xff, 0xfb, 0x0,
    0x0, 0x8, 0xff, 0xfb, 0x0, 0x0, 0x8, 0xff,
    0xfb, 0x0, 0x0, 0x8, 0xff, 0xfb, 0x0, 0x0,
    0x8, 0xff, 0xfb, 0x0, 0x0, 0x8, 0xff, 0xfb,
    0x0, 0x0, 0x8, 0xff, 0xfb, 0x0, 0x0, 0x8,
    0xff, 0xfb, 0x0, 0x0, 0x8, 0xff, 0xfb, 0x0,
    0x0, 0x8, 0xff, 0xfb, 0x0, 0x0, 0x8, 0xff,
    0xfb,

    /* U+0032 "2" */
    0x0, 0x1, 0x7c, 0xef, 0xec, 0x82, 0x0, 0x0,
    0x0, 0x5e, 0xff, 0xff, 0xff, 0xff, 0x70, 0x0,
    0x5, 0xff, 0xff, 0xff, 0xff, 0xff, 0xf6, 0x0,
    0x1f, 0xff, 0xfe, 0x86, 0xaf, 0xff, 0xfe, 0x0,
    0x8f, 0xff, 0xe1, 0x0, 0x6, 0xff, 0xff, 0x30,
    0xcf, 0xff, 0x80, 0x0, 0x0, 0xff, 0xff, 0x50,
    0xcd, 0xdd, 0x40, 0x0, 0x0, 0xef, 0xff, 0x40,
    0x0, 0x0, 0x0, 0x0, 0x1, 0xff, 0xff, 0x10,
    0x0, 0x0, 0x0, 0x0, 0x9, 0xff, 0xfb, 0x0,
    0x0, 0x0, 0x0, 0x0, 0x5f, 0xff, 0xf3, 0x0,
    0x0, 0x0, 0x0, 0x3, 0xff, 0xff, 0x90, 0x0,
    0x0, 0x0, 0x0, 0x2e, 0xff, 0xfc, 0x0, 0x0,
    0x0, 0x0, 0x2, 0xef, 0xff, 0xd1, 0x0, 0x0,
    0x0, 0x0, 0x2e, 0xff, 0xfd, 0x10, 0x0, 0x0,
    0x0, 0x2, 0xef, 0xff, 0xd1, 0x0, 0x0, 0x0,
    0x0, 0x1e, 0xff, 0xfd, 0x10, 0x0, 0x0, 0x0,
    0x1, 0xdf, 0xff, 0xe1, 0x0, 0x0, 0x0, 0x0,
    0x1d, 0xff, 0xff, 0x86, 0x66, 0x66, 0x66, 0x60,
    0x8f, 0xff, 0xff, 0xff, 0xff, 0xff, 0xff, 0xf1,
    0x8f, 0xff, 0xff, 0xff, 0xff, 0xff, 0xff, 0xf1,
    0x8f, 0xff, 0xff, 0xff, 0xff, 0xff, 0xff, 0xf1,

    /* U+0033 "3" */
    0x0, 0x0, 0x39, 0xde, 0xfe, 0xc8, 0x20, 0x0,
    0x0, 0xa, 0xff, 0xff, 0xff, 0xff, 0xf7, 0x0,
    0x0, 0xcf, 0xff, 0xff, 0xff, 0xff, 0xff, 0x70,
    0x5, 0xff, 0xff, 0xd7, 0x69, 0xff, 0xff, 0xf0,
    0xa, 0xff, 0xfb, 0x0, 0x0, 0x3f, 0xff, 0xf4,
    0x4, 0x55, 0x52, 0x0, 0x0, 0xe, 0xff, 0xf5,
    0x0, 0x0, 0x0, 0x0, 0x0, 0x1f, 0xff, 0xf3,
    0x0, 0x0, 0x0, 0x0, 0x3, 0xcf, 0xff, 0xb0,
    0x0, 0x0, 0x4, 0xff, 0xff, 0xff, 0xfc, 0x10,
    0x0, 0x0, 0x4, 0xff, 0xff, 0xff, 0xa0, 0x0,
    0x0, 0x0, 0x4, 0xff, 0xff, 0xff, 0xfb, 0x0,
    0x0, 0x0, 0x1, 0x44, 0x58, 0xff, 0xff, 0xc0,
    0x0, 0x0, 0x0, 0x0, 0x0, 0x2f, 0xff, 0xf4,
    0x0, 0x0, 0x0, 0x0, 0x0, 0xa, 0xff, 0xf9,
    0x3, 0x33, 0x30, 0x0, 0x0, 0x8, 0xff, 0xfb,
    0xf, 0xff, 0xf5, 0x0, 0x0, 0xa, 0xff, 0xfa,
    0xd, 0xff, 0xfc, 0x0, 0x0, 0x3f, 0xff, 0xf7,
    0x6, 0xff, 0xff, 0xe8, 0x69, 0xff, 0xff, 0xf1,
    0x0, 0xcf, 0xff, 0xff, 0xff, 0xff, 0xff, 0x60,
    0x0, 0xa, 0xff, 0xff, 0xff, 0xff, 0xf5, 0x0,
    0x0, 0x0, 0x39, 0xdf, 0xfe, 0xb7, 0x10, 0x0,

    /* U+0034 "4" */
    0x0, 0x0, 0x0, 0x0, 0x9, 0xff, 0xff, 0x0,
    0x0, 0x0, 0x0, 0x0, 0x4, 0xff, 0xff, 0xf0,
    0x0, 0x0, 0x0, 0x0, 0x0, 0xdf, 0xff, 0xff,
    0x0, 0x0, 0x0, 0x0, 0x0, 0x8f, 0xff, 0xff,
    0xf0, 0x0, 0x0, 0x0, 0x0, 0x3f, 0xff, 0xff,
    0xff, 0x0, 0x0, 0x0, 0x0, 0xd, 0xff, 0xff,
    0xff, 0xf0, 0x0, 0x0, 0x0, 0x7, 0xff, 0xf7,
    0xff, 0xff, 0x0, 0x0, 0x0, 0x2, 0xff, 0xf9,
    0x4f, 0xff, 0xf0, 0x0, 0x0, 0x0, 0xcf, 0xfe,
    0x4, 0xff, 0xff, 0x0, 0x0, 0x0, 0x6f, 0xff,
    0x40, 0x4f, 0xff, 0xf0, 0x0, 0x0, 0x1f, 0xff,
    0xa0, 0x4, 0xff, 0xff, 0x0, 0x0, 0xb, 0xff,
    0xe1, 0x0, 0x4f, 0xff, 0xf0, 0x0, 0x5, 0xff,
    0xf5, 0x0, 0x4, 0xff, 0xff, 0x0, 0x1, 0xef,
    0xff, 0xff, 0xff, 0xff, 0xff, 0xff, 0xf6, 0x2f,
    0xff, 0xff, 0xff, 0xff, 0xff, 0xff, 0xff, 0x61,
    0xff, 0xff, 0xff, 0xff, 0xff, 0xff, 0xff, 0xf6,
    0x6, 0x66, 0x66, 0x66, 0x68, 0xff, 0xff, 0x66,
    0x20, 0x0, 0x0, 0x0, 0x0, 0x4f, 0xff, 0xf0,
    0x0, 0x0, 0x0, 0x0, 0x0, 0x4, 0xff, 0xff,
    0x0, 0x0, 0x0, 0x0, 0x0, 0x0, 0x4f, 0xff,
    0xf0, 0x0, 0x0, 0x0, 0x0, 0x0, 0x4, 0xff,
    0xff, 0x0, 0x0,

    /* U+0035 "5" */
    0x0, 0xcf, 0xff, 0xff, 0xff, 0xff, 0xff, 0x40,
    0xd, 0xff, 0xff, 0xff, 0xff, 0xff, 0xf4, 0x0,
    0xff, 0xff, 0xff, 0xff, 0xff, 0xff, 0x40, 0x1f,
    0xff, 0xd8, 0x88, 0x88, 0x88, 0x82, 0x3, 0xff,
    0xfa, 0x0, 0x0, 0x0, 0x0, 0x0, 0x5f, 0xff,
    0x80, 0x0, 0x0, 0x0, 0x0, 0x7, 0xff, 0xf6,
    0x0, 0x21, 0x0, 0x0, 0x0, 0x9f, 0xff, 0xad,
    0xff, 0xfe, 0x80, 0x0, 0xb, 0xff, 0xff, 0xff,
    0xff, 0xff, 0xd2, 0x0, 0xdf, 0xff, 0xff, 0xff,
    0xff, 0xff, 0xc0, 0x6, 0xbe, 0xe6, 0x10, 0x3b,
    0xff, 0xff, 0x50, 0x0, 0x0, 0x0, 0x0, 0xd,
    0xff, 0xfa, 0x0, 0x0, 0x0, 0x0, 0x0, 0x7f,
    0xff, 0xd0, 0x0, 0x0, 0x0, 0x0, 0x4, 0xff,
    0xfe, 0x12, 0x22, 0x10, 0x0, 0x0, 0x5f, 0xff,
    0xe5, 0xff, 0xfe, 0x0, 0x0, 0x8, 0xff, 0xfc,
    0x2f, 0xff, 0xf6, 0x0, 0x1, 0xff, 0xff, 0x80,
    0xbf, 0xff, 0xfa, 0x67, 0xef, 0xff, 0xf2, 0x2,
    0xef, 0xff, 0xff, 0xff, 0xff, 0xf6, 0x0, 0x2,
    0xcf, 0xff, 0xff, 0xff, 0xf6, 0x0, 0x0, 0x0,
    0x5a, 0xdf, 0xec, 0x82, 0x0, 0x0,

    /* U+0036 "6" */
    0x0, 0x0, 0x0, 0x16, 0xbd, 0xfe, 0x0, 0x0,
    0x0, 0x0, 0x8, 0xff, 0xff, 0xff, 0x0, 0x0,
    0x0, 0x1, 0xdf, 0xff, 0xff, 0xff, 0x0, 0x0,
    0x0, 0x1d, 0xff, 0xff, 0xea, 0x87, 0x0, 0x0,
    0x0, 0xbf, 0xff, 0xf6, 0x0, 0x0, 0x0, 0x0,
    0x4, 0xff, 0xff, 0x30, 0x0, 0x0, 0x0, 0x0,
    0xb, 0xff, 0xf6, 0x2, 0x45, 0x20, 0x0, 0x0,
    0xf, 0xff, 0xf4, 0xcf, 0xff, 0xfd, 0x40, 0x0,
    0x4f, 0xff, 0xff, 0xff, 0xff, 0xff, 0xf6, 0x0,
    0x6f, 0xff, 0xff, 0xff, 0xff, 0xff, 0xff, 0x20,
    0x7f, 0xff, 0xfd, 0x40, 0x18, 0xff, 0xff, 0x90,
    0x8f, 0xff, 0xe1, 0x0, 0x0, 0xbf, 0xff, 0xe0,
    0x8f, 0xff, 0xb0, 0x0, 0x0, 0x4f, 0xff, 0xf0,
    0x7f, 0xff, 0xc0, 0x0, 0x0, 0x1f, 0xff, 0xf2,
    0x6f, 0xff, 0xd0, 0x0, 0x0, 0x2f, 0xff, 0xf1,
    0x2f, 0xff, 0xf2, 0x0, 0x0, 0x6f, 0xff, 0xf0,
    0xd, 0xff, 0xfa, 0x0, 0x1, 0xdf, 0xff, 0xa0,
    0x5, 0xff, 0xff, 0xb6, 0x7d, 0xff, 0xff, 0x30,
    0x0, 0xaf, 0xff, 0xff, 0xff, 0xff, 0xf8, 0x0,
    0x0, 0x9, 0xff, 0xff, 0xff, 0xff, 0x70, 0x0,
    0x0, 0x0, 0x39, 0xdf, 0xfd, 0x82, 0x0, 0x0,

    /* U+0037 "7" */
    0x1f, 0xff, 0xff, 0xff, 0xff, 0xff, 0xff, 0xff,
    0x1f, 0xff, 0xff, 0xff, 0xff, 0xff, 0xff, 0xff,
    0x1f, 0xff, 0xff, 0xff, 0xff, 0xff, 0xff, 0xfd,
    0x6, 0x66, 0x66, 0x66, 0x66, 0x6c, 0xff, 0xf7,
    0x0, 0x0, 0x0, 0x0, 0x0, 0x1f, 0xff, 0xf0,
    0x0, 0x0, 0x0, 0x0, 0x0, 0x7f, 0xff, 0x80,
    0x0, 0x0, 0x0, 0x0, 0x0, 0xef, 0xff, 0x20,
    0x0, 0x0, 0x0, 0x0, 0x6, 0xff, 0xfa, 0x0,
    0x0, 0x0, 0x0, 0x0, 0xe, 0xff, 0xf3, 0x0,
    0x0, 0x0, 0x0, 0x0, 0x5f, 0xff, 0xc0, 0x0,
    0x0, 0x0, 0x0, 0x0, 0xdf, 0xff, 0x50, 0x0,
    0x0, 0x0, 0x0, 0x4, 0xff, 0xfe, 0x0, 0x0,
    0x0, 0x0, 0x0, 0xc, 0xff, 0xf7, 0x0, 0x0,
    0x0, 0x0, 0x0, 0x3f, 0xff, 0xf1, 0x0, 0x0,
    0x0, 0x0, 0x0, 0xbf, 0xff, 0x90, 0x0, 0x0,
    0x0, 0x0, 0x3, 0xff, 0xff, 0x20, 0x0, 0x0,
    0x0, 0x0, 0xa, 0xff, 0xfb, 0x0, 0x0, 0x0,
    0x0, 0x0, 0x2f, 0xff, 0xf3, 0x0, 0x0, 0x0,
    0x0, 0x0, 0x9f, 0xff, 0xc0, 0x0, 0x0, 0x0,
    0x0, 0x1, 0xff, 0xff, 0x50, 0x0, 0x0, 0x0,
    0x0, 0x8, 0xff, 0xfe, 0x0, 0x0, 0x0, 0x0,

    /* U+0038 "8" */
    0x0, 0x1, 0x8c, 0xef, 0xfd, 0x92, 0x0, 0x0,
    0x5, 0xff, 0xff, 0xff, 0xff, 0xf8, 0x0, 0x4,
    0xff, 0xff, 0xff, 0xff, 0xff, 0xf7, 0x0, 0xcf,
    0xff, 0xf9, 0x68, 0xff, 0xff, 0xf0, 0x1f, 0xff,
    0xf6, 0x0, 0x3, 0xff, 0xff, 0x41, 0xff, 0xff,
    0x20, 0x0, 0xe, 0xff, 0xf5, 0xf, 0xff, 0xf4,
    0x0, 0x1, 0xff, 0xff, 0x20, 0x9f, 0xff, 0xd3,
    0x2, 0xbf, 0xff, 0xc0, 0x0, 0xcf, 0xff, 0xff,
    0xff, 0xff, 0xd1, 0x0, 0x0, 0xaf, 0xff, 0xff,
    0xff, 0xc0, 0x0, 0x0, 0x8f, 0xff, 0xff, 0xff,
    0xff, 0xa0, 0x0, 0x8f, 0xff, 0xf9, 0x68, 0xff,
    0xff, 0xa0, 0x1f, 0xff, 0xf4, 0x0, 0x2, 0xff,
    0xff, 0x46, 0xff, 0xfc, 0x0, 0x0, 0x9, 0xff,
    0xfa, 0x9f, 0xff, 0xa0, 0x0, 0x0, 0x7f, 0xff,
    0xc8, 0xff, 0xfc, 0x0, 0x0, 0x9, 0xff, 0xfb,
    0x6f, 0xff, 0xf4, 0x0, 0x1, 0xff, 0xff, 0x91,
    0xff, 0xff, 0xf9, 0x68, 0xef, 0xff, 0xf3, 0x6,
    0xff, 0xff, 0xff, 0xff, 0xff, 0xf9, 0x0, 0x6,
    0xff, 0xff, 0xff, 0xff, 0xf9, 0x0, 0x0, 0x1,
    0x8c, 0xef, 0xfd, 0x93, 0x0, 0x0,

    /* U+0039 "9" */
    0x0, 0x0, 0x5b, 0xef, 0xeb, 0x50, 0x0, 0x0,
    0x2, 0xdf, 0xff, 0xff, 0xff, 0xa0, 0x0, 0x2,
    0xef, 0xff, 0xff, 0xff, 0xff, 0xb0, 0x0, 0xcf,
    0xff, 0xf9, 0x6a, 0xff, 0xff, 0x60, 0x3f, 0xff,
    0xf5, 0x0, 0x7, 0xff, 0xfe, 0x8, 0xff, 0xfc,
    0x0, 0x0, 0xe, 0xff, 0xf3, 0xaf, 0xff, 0x90,
    0x0, 0x0, 0xbf, 0xff, 0x7b, 0xff, 0xf8, 0x0,
    0x0, 0x9, 0xff, 0xf8, 0xaf, 0xff, 0xb0, 0x0,
    0x0, 0x9f, 0xff, 0xa6, 0xff, 0xff, 0x20, 0x0,
    0xd, 0xff, 0xfa, 0x1f, 0xff, 0xfe, 0x63, 0x5d,
    0xff, 0xff, 0x90, 0x8f, 0xff, 0xff, 0xff, 0xff,
    0xff, 0xf8, 0x0, 0xaf, 0xff, 0xff, 0xff, 0xdf,
    0xff, 0x60, 0x0, 0x4b, 0xef, 0xe9, 0x1d, 0xff,
    0xf3, 0x0, 0x0, 0x0, 0x0, 0x2, 0xff, 0xfe,
    0x0, 0x0, 0x0, 0x0, 0x0, 0xbf, 0xff, 0x80,
    0x0, 0x0, 0x0, 0x2, 0xbf, 0xff, 0xf1, 0x0,
    0x0, 0x48, 0x9c, 0xff, 0xff, 0xf5, 0x0, 0x0,
    0x9, 0xff, 0xff, 0xff, 0xf7, 0x0, 0x0, 0x0,
    0x9f, 0xff, 0xff, 0xd5, 0x0, 0x0, 0x0, 0x9,
    0xfe, 0xd9, 0x50, 0x0, 0x0, 0x0,

    /* U+003A ":" */
    0x5, 0xdf, 0xa0, 0xf, 0xff, 0xf7, 0x1f, 0xff,
    0xf9, 0xb, 0xff, 0xf3, 0x0, 0x56, 0x20, 0x0,
    0x0, 0x0, 0x0, 0x0, 0x0, 0x0, 0x0, 0x0,
    0x0, 0x0, 0x0, 0x0, 0x0, 0x0, 0x0, 0x0,
    0x0, 0x0, 0x56, 0x20, 0xb, 0xff, 0xf3, 0x1f,
    0xff, 0xf8, 0xf, 0xff, 0xf7, 0x5, 0xdf, 0xa0,

    /* U+003B ";" */
    0x0, 0x8e, 0xe7, 0x0, 0x4f, 0xff, 0xf3, 0x5,
    0xff, 0xff, 0x50, 0x1e, 0xff, 0xe0, 0x0, 0x16,
    0x61, 0x0, 0x0, 0x0, 0x0, 0x0, 0x0, 0x0,
    0x0, 0x0, 0x0, 0x0, 0x0, 0x0, 0x0, 0x0,
    0x0, 0x0, 0x0, 0x0, 0x0, 0x0, 0x0, 0x0,
    0x0, 0x0, 0x0, 0x58, 0x88, 0x0, 0xa, 0xff,
    0xf0, 0x0, 0xaf, 0xff, 0x0, 0xa, 0xff, 0xe0,
    0x0, 0xbf, 0xfc, 0x0, 0xe, 0xff, 0x80, 0x5,
    0xff, 0xf2, 0x0, 0xcf, 0xf9, 0x0, 0x8, 0xfc,
    0x0, 0x0, 0x1, 0x10, 0x0,

    /* U+003C "<" */
    0x0, 0x0, 0x0, 0x0, 0x0, 0x0, 0x0, 0x0,
    0x0, 0x0, 0x0, 0x0, 0x3, 0xa6, 0x0, 0x0,
    0x0, 0x0, 0x5, 0xcf, 0xf6, 0x0, 0x0, 0x0,
    0x28, 0xef, 0xff, 0xf6, 0x0, 0x0, 0x4b, 0xff,
    0xff, 0xff, 0xf6, 0x0, 0x6d, 0xff, 0xff, 0xff,
    0xfb, 0x50, 0x2f, 0xff, 0xff, 0xff, 0xc7, 0x10,
    0x0, 0x3f, 0xff, 0xfd, 0x82, 0x0, 0x0, 0x0,
    0x3f, 0xff, 0xfd, 0x71, 0x0, 0x0, 0x0, 0x2f,
    0xff, 0xff, 0xff, 0xc6, 0x10, 0x0, 0x0, 0x6d,
    0xff, 0xff, 0xff, 0xfb, 0x60, 0x0, 0x0, 0x4b,
    0xff, 0xff, 0xff, 0xf6, 0x0, 0x0, 0x0, 0x18,
    0xef, 0xff, 0xf6, 0x0, 0x0, 0x0, 0x0, 0x5,
    0xcf, 0xf6, 0x0, 0x0, 0x0, 0x0, 0x0, 0x3,
    0xa6, 0x0, 0x0, 0x0, 0x0, 0x0, 0x0, 0x0,

    /* U+003D "=" */
    0xff, 0xff, 0xff, 0xff, 0xff, 0xff, 0xf1, 0xff,
    0xff, 0xff, 0xff, 0xff, 0xff, 0xf1, 0xff, 0xff,
    0xff, 0xff, 0xff, 0xff, 0xf1, 0x77, 0x77, 0x77,
    0x77, 0x77, 0x77, 0x70, 0x0, 0x0, 0x0, 0x0,
    0x0, 0x0, 0x0, 0x0, 0x0, 0x0, 0x0, 0x0,
    0x0, 0x0, 0x66, 0x66, 0x66, 0x66, 0x66, 0x66,
    0x60, 0xff, 0xff, 0xff, 0xff, 0xff, 0xff, 0xf1,
    0xff, 0xff, 0xff, 0xff, 0xff, 0xff, 0xf1, 0xff,
    0xff, 0xff, 0xff, 0xff, 0xff, 0xf1,

    /* U+003E ">" */
    0x3b, 0x40, 0x0, 0x0, 0x0, 0x0, 0x0, 0x3f,
    0xfd, 0x71, 0x0, 0x0, 0x0, 0x0, 0x3f, 0xff,
    0xff, 0x93, 0x0, 0x0, 0x0, 0x3f, 0xff, 0xff,
    0xff, 0xc5, 0x0, 0x0, 0x4, 0xaf, 0xff, 0xff,
    0xff, 0xe8, 0x20, 0x0, 0x0, 0x5a, 0xff, 0xff,
    0xff, 0xf6, 0x0, 0x0, 0x0, 0x5, 0xbf, 0xff,
    0xf8, 0x0, 0x0, 0x0, 0x16, 0xbf, 0xff, 0xf8,
    0x0, 0x0, 0x5b, 0xff, 0xff, 0xff, 0xf6, 0x4,
    0xaf, 0xff, 0xff, 0xff, 0xe8, 0x20, 0x3f, 0xff,
    0xff, 0xff, 0xc6, 0x0, 0x0, 0x3f, 0xff, 0xff,
    0xa3, 0x0, 0x0, 0x0, 0x3f, 0xfe, 0x71, 0x0,
    0x0, 0x0, 0x0, 0x3b, 0x40, 0x0, 0x0, 0x0,
    0x0, 0x0, 0x0, 0x0, 0x0, 0x0, 0x0, 0x0,
    0x0,

    /* U+003F "?" */
    0x0, 0x2, 0x9d, 0xff, 0xec, 0x71, 0x0, 0x0,
    0x6f, 0xff, 0xff, 0xff, 0xfe, 0x30, 0x5, 0xff,
    0xff, 0xff, 0xff, 0xff, 0xe1, 0xe, 0xff, 0xff,
    0x97, 0xbf, 0xff, 0xf8, 0x3f, 0xff, 0xf4, 0x0,
    0xb, 0xff, 0xfc, 0x3d, 0xdd, 0xc0, 0x0, 0x7,
    0xff, 0xfd, 0x0, 0x0, 0x0, 0x0, 0x8, 0xff,
    0xfb, 0x0, 0x0, 0x0, 0x0, 0x1e, 0xff, 0xf6,
    0x0, 0x0, 0x0, 0x1, 0xdf, 0xff, 0xc0, 0x0,
    0x0, 0x0, 0x2e, 0xff, 0xfd, 0x10, 0x0, 0x0,
    0x0, 0xdf, 0xff, 0xd1, 0x0, 0x0, 0x0, 0x7,
    0xff, 0xfd, 0x10, 0x0, 0x0, 0x0, 0xb, 0xff,
    0xf3, 0x0, 0x0, 0x0, 0x0, 0xd, 0xff, 0xe0,
    0x0, 0x0, 0x0, 0x0, 0x6, 0x77, 0x50, 0x0,
    0x0, 0x0, 0x0, 0x0, 0x0, 0x0, 0x0, 0x0,
    0x0, 0x0, 0x0, 0x55, 0x0, 0x0, 0x0, 0x0,
    0x0, 0xd, 0xff, 0xd0, 0x0, 0x0, 0x0, 0x0,
    0x4f, 0xff, 0xf5, 0x0, 0x0, 0x0, 0x0, 0x2f,
    0xff, 0xf3, 0x0, 0x0, 0x0, 0x0, 0x7, 0xee,
    0x80, 0x0, 0x0,

    /* U+0040 "@" */
    0x0, 0x0, 0x0, 0x0, 0x27, 0xbe, 0xff, 0xec,
    0x94, 0x0, 0x0, 0x0, 0x0, 0x0, 0x0, 0x2,
    0xaf, 0xff, 0xff, 0xff, 0xff, 0xfe, 0x60, 0x0,
    0x0, 0x0, 0x0, 0x6, 0xff, 0xff, 0xb8, 0x66,
    0x7a, 0xef, 0xff, 0xb0, 0x0, 0x0, 0x0, 0x8,
    0xff, 0xf8, 0x10, 0x0, 0x0, 0x0, 0x4d, 0xff,
    0xc0, 0x0, 0x0, 0x7, 0xff, 0xe3, 0x0, 0x0,
    0x0, 0x0, 0x0, 0xb, 0xff, 0x80, 0x0, 0x3,
    0xff, 0xf2, 0x0, 0x0, 0x0, 0x0, 0x0, 0x0,
    0xc, 0xff, 0x20, 0x0, 0xcf, 0xf5, 0x0, 0x0,
    0x29, 0xef, 0xda, 0x40, 0x0, 0x2f, 0xf9, 0x0,
    0x4f, 0xfc, 0x0, 0x0, 0x4f, 0xff, 0xff, 0xff,
    0xa0, 0x0, 0xbf, 0xf0, 0xb, 0xff, 0x40, 0x0,
    0x3f, 0xff, 0xd9, 0xbf, 0xfd, 0x0, 0x6, 0xff,
    0x30, 0xff, 0xe0, 0x0, 0xd, 0xff, 0x80, 0x2,
    0xff, 0xc0, 0x0, 0x3f, 0xf6, 0x4f, 0xf9, 0x0,
    0x5, 0xff, 0xd0, 0x0, 0x4f, 0xfb, 0x0, 0x0,
    0xff, 0x87, 0xff, 0x60, 0x0, 0xbf, 0xf7, 0x0,
    0x5, 0xff, 0x90, 0x0, 0xf, 0xf9, 0x9f, 0xf4,
    0x0, 0xf, 0xff, 0x20, 0x0, 0x6f, 0xf8, 0x0,
    0x0, 0xff, 0x9b, 0xff, 0x20, 0x3, 0xff, 0xf0,
    0x0, 0x8, 0xff, 0x70, 0x0, 0x1f, 0xf8, 0xbf,
    0xf2, 0x0, 0x5f, 0xfe, 0x0, 0x0, 0x9f, 0xf5,
    0x0, 0x3, 0xff, 0x7b, 0xff, 0x20, 0x6, 0xff,
    0xe0, 0x0, 0xb, 0xff, 0x40, 0x0, 0x6f, 0xf3,
    0xaf, 0xf3, 0x0, 0x5f, 0xff, 0x0, 0x1, 0xff,
    0xf3, 0x0, 0xc, 0xfe, 0x8, 0xff, 0x60, 0x2,
    0xff, 0xf6, 0x0, 0xaf, 0xff, 0x40, 0x4, 0xff,
    0x80, 0x5f, 0xfa, 0x0, 0xc, 0xff, 0xfb, 0xdf,
    0xff, 0xfd, 0x68, 0xff, 0xe0, 0x1, 0xff, 0xf0,
    0x0, 0x3f, 0xff, 0xff, 0xf4, 0xef, 0xff, 0xff,
    0xe2, 0x0, 0xb, 0xff, 0x70, 0x0, 0x3c, 0xfe,
    0xa2, 0x1, 0xae, 0xfd, 0x81, 0x0, 0x0, 0x4f,
    0xff, 0x20, 0x0, 0x0, 0x0, 0x0, 0x0, 0x0,
    0x0, 0x0, 0x0, 0x0, 0xaf, 0xfe, 0x30, 0x0,
    0x0, 0x0, 0x0, 0x0, 0x0, 0x0, 0x0, 0x0,
    0x0, 0xdf, 0xff, 0x92, 0x0, 0x0, 0x0, 0x4,
    0x0, 0x0, 0x0, 0x0, 0x0, 0x1, 0xcf, 0xff,
    0xfd, 0xa9, 0x9a, 0xcf, 0xf3, 0x0, 0x0, 0x0,
    0x0, 0x0, 0x0, 0x7e, 0xff, 0xff, 0xff, 0xff,
    0xff, 0x60, 0x0, 0x0, 0x0, 0x0, 0x0, 0x0,
    0x5, 0x9c, 0xef, 0xfe, 0xc8, 0x30, 0x0, 0x0,
    0x0, 0x0,

    /* U+0041 "A" */
    0x0, 0x0, 0x0, 0x2, 0xff, 0xff, 0x40, 0x0,
    0x0, 0x0, 0x0, 0x0, 0x0, 0x0, 0x8f, 0xff,
    0xfa, 0x0, 0x0, 0x0, 0x0, 0x0, 0x0, 0x0,
    0xe, 0xff, 0xff, 0xf1, 0x0, 0x0, 0x0, 0x0,
    0x0, 0x0, 0x4, 0xff, 0xff, 0xff, 0x70, 0x0,
    0x0, 0x0, 0x0, 0x0, 0x0, 0xaf, 0xff, 0xff,
    0xfd, 0x0, 0x0, 0x0, 0x0, 0x0, 0x0, 0x1f,
    0xff, 0xfd, 0xff, 0xf3, 0x0, 0x0, 0x0, 0x0,
    0x0, 0x6, 0xff, 0xfa, 0x7f, 0xff, 0x90, 0x0,
    0x0, 0x0, 0x0, 0x0, 0xcf, 0xff, 0x42, 0xff,
    0xfe, 0x0, 0x0, 0x0, 0x0, 0x0, 0x2f, 0xff,
    0xe0, 0xc, 0xff, 0xf5, 0x0, 0x0, 0x0, 0x0,
    0x8, 0xff, 0xf9, 0x0, 0x7f, 0xff, 0xb0, 0x0,
    0x0, 0x0, 0x0, 0xef, 0xff, 0x40, 0x1, 0xff,
    0xff, 0x10, 0x0, 0x0, 0x0, 0x4f, 0xff, 0xe0,
    0x0, 0xc, 0xff, 0xf7, 0x0, 0x0, 0x0, 0xa,
    0xff, 0xf9, 0x0, 0x0, 0x6f, 0xff, 0xd0, 0x0,
    0x0, 0x1, 0xff, 0xff, 0xff, 0xff, 0xff, 0xff,
    0xff, 0x30, 0x0, 0x0, 0x6f, 0xff, 0xff, 0xff,
    0xff, 0xff, 0xff, 0xf9, 0x0, 0x0, 0xd, 0xff,
    0xff, 0xff, 0xff, 0xff, 0xff, 0xff, 0xf0, 0x0,
    0x3, 0xff, 0xff, 0x98, 0x88, 0x88, 0x88, 0xff,
    0xff, 0x60, 0x0, 0x9f, 0xff, 0xe0, 0x0, 0x0,
    0x0, 0xb, 0xff, 0xfc, 0x0, 0xe, 0xff, 0xf9,
    0x0, 0x0, 0x0, 0x0, 0x6f, 0xff, 0xf2, 0x5,
    0xff, 0xff, 0x40, 0x0, 0x0, 0x0, 0x1, 0xff,
    0xff, 0x80, 0xbf, 0xff, 0xe0, 0x0, 0x0, 0x0,
    0x0, 0xb, 0xff, 0xfe, 0x0,

    /* U+0042 "B" */
    0x1f, 0xff, 0xff, 0xff, 0xff, 0xda, 0x60, 0x0,
    0x1, 0xff, 0xff, 0xff, 0xff, 0xff, 0xff, 0xe4,
    0x0, 0x1f, 0xff, 0xff, 0xff, 0xff, 0xff, 0xff,
    0xf3, 0x1, 0xff, 0xff, 0xa8, 0x88, 0xae, 0xff,
    0xff, 0xc0, 0x1f, 0xff, 0xf4, 0x0, 0x0, 0xb,
    0xff, 0xff, 0x11, 0xff, 0xff, 0x40, 0x0, 0x0,
    0x4f, 0xff, 0xf3, 0x1f, 0xff, 0xf4, 0x0, 0x0,
    0x2, 0xff, 0xff, 0x21, 0xff, 0xff, 0x40, 0x0,
    0x0, 0x7f, 0xff, 0xe0, 0x1f, 0xff, 0xf6, 0x22,
    0x23, 0x8f, 0xff, 0xf7, 0x1, 0xff, 0xff, 0xff,
    0xff, 0xff, 0xff, 0xf8, 0x0, 0x1f, 0xff, 0xff,
    0xff, 0xff, 0xff, 0xfb, 0x20, 0x1, 0xff, 0xff,
    0xff, 0xff, 0xff, 0xff, 0xff, 0x50, 0x1f, 0xff,
    0xf4, 0x0, 0x0, 0x2b, 0xff, 0xff, 0x21, 0xff,
    0xff, 0x40, 0x0, 0x0, 0xe, 0xff, 0xf8, 0x1f,
    0xff, 0xf4, 0x0, 0x0, 0x0, 0xbf, 0xff, 0xb1,
    0xff, 0xff, 0x40, 0x0, 0x0, 0xc, 0xff, 0xfb,
    0x1f, 0xff, 0xf4, 0x0, 0x0, 0x5, 0xff, 0xff,
    0x81, 0xff, 0xff, 0xa7, 0x77, 0x8b, 0xff, 0xff,
    0xf3, 0x1f, 0xff, 0xff, 0xff, 0xff, 0xff, 0xff,
    0xfa, 0x1, 0xff, 0xff, 0xff, 0xff, 0xff, 0xff,
    0xf9, 0x0, 0x1f, 0xff, 0xff, 0xff, 0xff, 0xec,
    0x93, 0x0, 0x0,

    /* U+0043 "C" */
    0x0, 0x0, 0x4, 0xad, 0xff, 0xeb, 0x71, 0x0,
    0x0, 0x0, 0x2, 0xcf, 0xff, 0xff, 0xff, 0xff,
    0x70, 0x0, 0x0, 0x3f, 0xff, 0xff, 0xff, 0xff,
    0xff, 0xfa, 0x0, 0x1, 0xef, 0xff, 0xfd, 0xa9,
    0xbf, 0xff, 0xff, 0x60, 0x8, 0xff, 0xff, 0x60,
    0x0, 0x1, 0xcf, 0xff, 0xe0, 0xf, 0xff, 0xf9,
    0x0, 0x0, 0x0, 0x2f, 0xff, 0xf5, 0x5f, 0xff,
    0xf2, 0x0, 0x0, 0x0, 0xd, 0xff, 0xf8, 0x8f,
    0xff, 0xe0, 0x0, 0x0, 0x0, 0x3, 0x44, 0x42,
    0xaf, 0xff, 0xc0, 0x0, 0x0, 0x0, 0x0, 0x0,
    0x0, 0xbf, 0xff, 0xb0, 0x0, 0x0, 0x0, 0x0,
    0x0, 0x0, 0xbf, 0xff, 0xb0, 0x0, 0x0, 0x0,
    0x0, 0x0, 0x0, 0xbf, 0xff, 0xb0, 0x0, 0x0,
    0x0, 0x0, 0x0, 0x0, 0xaf, 0xff, 0xc0, 0x0,
    0x0, 0x0, 0x0, 0x0, 0x0, 0x8f, 0xff, 0xe0,
    0x0, 0x0, 0x0, 0x1, 0x22, 0x21, 0x5f, 0xff,
    0xf2, 0x0, 0x0, 0x0, 0xe, 0xff, 0xf8, 0xf,
    0xff, 0xf8, 0x0, 0x0, 0x0, 0x3f, 0xff, 0xf5,
    0x9, 0xff, 0xff, 0x50, 0x0, 0x1, 0xdf, 0xff,
    0xf0, 0x1, 0xef, 0xff, 0xfd, 0x99, 0xbf, 0xff,
    0xff, 0x70, 0x0, 0x4f, 0xff, 0xff, 0xff, 0xff,
    0xff, 0xfa, 0x0, 0x0, 0x3, 0xdf, 0xff, 0xff,
    0xff, 0xff, 0x80, 0x0, 0x0, 0x0, 0x5, 0xad,
    0xff, 0xeb, 0x71, 0x0, 0x0,

    /* U+0044 "D" */
    0x1f, 0xff, 0xff, 0xff, 0xfc, 0x93, 0x0, 0x0,
    0x0, 0x1f, 0xff, 0xff, 0xff, 0xff, 0xff, 0xb2,
    0x0, 0x0, 0x1f, 0xff, 0xff, 0xff, 0xff, 0xff,
    0xfe, 0x30, 0x0, 0x1f, 0xff, 0xfa, 0x88, 0xae,
    0xff, 0xff, 0xe2, 0x0, 0x1f, 0xff, 0xf4, 0x0,
    0x0, 0x6f, 0xff, 0xfc, 0x0, 0x1f, 0xff, 0xf4,
    0x0, 0x0, 0x6, 0xff, 0xff, 0x40, 0x1f, 0xff,
    0xf4, 0x0, 0x0, 0x0, 0xdf, 0xff, 0xa0, 0x1f,
    0xff, 0xf4, 0x0, 0x0, 0x0, 0x8f, 0xff, 0xe0,
    0x1f, 0xff, 0xf4, 0x0, 0x0, 0x0, 0x5f, 0xff,
    0xf1, 0x1f, 0xff, 0xf4, 0x0, 0x0, 0x0, 0x4f,
    0xff, 0xf2, 0x1f, 0xff, 0xf4, 0x0, 0x0, 0x0,
    0x4f, 0xff, 0xf3, 0x1f, 0xff, 0xf4, 0x0, 0x0,
    0x0, 0x4f, 0xff, 0xf2, 0x1f, 0xff, 0xf4, 0x0,
    0x0, 0x0, 0x5f, 0xff, 0xf1, 0x1f, 0xff, 0xf4,
    0x0, 0x0, 0x0, 0x8f, 0xff, 0xf0, 0x1f, 0xff,
    0xf4, 0x0, 0x0, 0x0, 0xdf, 0xff, 0xa0, 0x1f,
    0xff, 0xf4, 0x0, 0x0, 0x6, 0xff, 0xff, 0x40,
    0x1f, 0xff, 0xf4, 0x0, 0x0, 0x6f, 0xff, 0xfc,
    0x0, 0x1f, 0xff, 0xfa, 0x88, 0x9d, 0xff, 0xff,
    0xf2, 0x0, 0x1f, 0xff, 0xff, 0xff, 0xff, 0xff,
    0xff, 0x40, 0x0, 0x1f, 0xff, 0xff, 0xff, 0xff,
    0xff, 0xb2, 0x0, 0x0, 0x1f, 0xff, 0xff, 0xff,
    0xfc, 0x93, 0x0, 0x0, 0x0,

    /* U+0045 "E" */
    0x1f, 0xff, 0xff, 0xff, 0xff, 0xff, 0xff, 0xf2,
    0x1f, 0xff, 0xff, 0xff, 0xff, 0xff, 0xff, 0xf2,
    0x1f, 0xff, 0xff, 0xff, 0xff, 0xff, 0xff, 0xf2,
    0x1f, 0xff, 0xfa, 0x88, 0x88, 0x88, 0x88, 0x81,
    0x1f, 0xff, 0xf4, 0x0, 0x0, 0x0, 0x0, 0x0,
    0x1f, 0xff, 0xf4, 0x0, 0x0, 0x0, 0x0, 0x0,
    0x1f, 0xff, 0xf4, 0x0, 0x0, 0x0, 0x0, 0x0,
    0x1f, 0xff, 0xf4, 0x0, 0x0, 0x0, 0x0, 0x0,
    0x1f, 0xff, 0xf9, 0x66, 0x66, 0x66, 0x64, 0x0,
    0x1f, 0xff, 0xff, 0xff, 0xff, 0xff, 0xfb, 0x0,
    0x1f, 0xff, 0xff, 0xff, 0xff, 0xff, 0xfb, 0x0,
    0x1f, 0xff, 0xff, 0xff, 0xff, 0xff, 0xfb, 0x0,
    0x1f, 0xff, 0xf4, 0x0, 0x0, 0x0, 0x0, 0x0,
    0x1f, 0xff, 0xf4, 0x0, 0x0, 0x0, 0x0, 0x0,
    0x1f, 0xff, 0xf4, 0x0, 0x0, 0x0, 0x0, 0x0,
    0x1f, 0xff, 0xf4, 0x0, 0x0, 0x0, 0x0, 0x0,
    0x1f, 0xff, 0xf4, 0x0, 0x0, 0x0, 0x0, 0x0,
    0x1f, 0xff, 0xfa, 0x88, 0x88, 0x88, 0x88, 0x81,
    0x1f, 0xff, 0xff, 0xff, 0xff, 0xff, 0xff, 0xf3,
    0x1f, 0xff, 0xff, 0xff, 0xff, 0xff, 0xff, 0xf3,
    0x1f, 0xff, 0xff, 0xff, 0xff, 0xff, 0xff, 0xf3,

    /* U+0046 "F" */
    0x1f, 0xff, 0xff, 0xff, 0xff, 0xff, 0xff, 0xc1,
    0xff, 0xff, 0xff, 0xff, 0xff, 0xff, 0xfc, 0x1f,
    0xff, 0xff, 0xff, 0xff, 0xff, 0xff, 0xc1, 0xff,
    0xff, 0xa8, 0x88, 0x88, 0x88, 0x86, 0x1f, 0xff,
    0xf4, 0x0, 0x0, 0x0, 0x0, 0x1, 0xff, 0xff,
    0x40, 0x0, 0x0, 0x0, 0x0, 0x1f, 0xff, 0xf4,
    0x0, 0x0, 0x0, 0x0, 0x1, 0xff, 0xff, 0x40,
    0x0, 0x0, 0x0, 0x0, 0x1f, 0xff, 0xf4, 0x0,
    0x0, 0x0, 0x0, 0x1, 0xff, 0xff, 0xff, 0xff,
    0xff, 0xff, 0xb0, 0x1f, 0xff, 0xff, 0xff, 0xff,
    0xff, 0xfb, 0x1, 0xff, 0xff, 0xff, 0xff, 0xff,
    0xff, 0xb0, 0x1f, 0xff, 0xfa, 0x88, 0x88, 0x88,
    0x86, 0x1, 0xff, 0xff, 0x40, 0x0, 0x0, 0x0,
    0x0, 0x1f, 0xff, 0xf4, 0x0, 0x0, 0x0, 0x0,
    0x1, 0xff, 0xff, 0x40, 0x0, 0x0, 0x0, 0x0,
    0x1f, 0xff, 0xf4, 0x0, 0x0, 0x0, 0x0, 0x1,
    0xff, 0xff, 0x40, 0x0, 0x0, 0x0, 0x0, 0x1f,
    0xff, 0xf4, 0x0, 0x0, 0x0, 0x0, 0x1, 0xff,
    0xff, 0x40, 0x0, 0x0, 0x0, 0x0, 0x1f, 0xff,
    0xf4, 0x0, 0x0, 0x0, 0x0, 0x0,

    /* U+0047 "G" */
    0x0, 0x0, 0x4, 0x9d, 0xff, 0xec, 0x93, 0x0,
    0x0, 0x0, 0x2, 0xbf, 0xff, 0xff, 0xff, 0xff,
    0xb1, 0x0, 0x0, 0x2e, 0xff, 0xff, 0xff, 0xff,
    0xff, 0xfe, 0x10, 0x0, 0xdf, 0xff, 0xfe, 0x98,
    0xae, 0xff, 0xff, 0xb0, 0x7, 0xff, 0xff, 0x90,
    0x0, 0x0, 0xaf, 0xff, 0xf3, 0xe, 0xff, 0xfc,
    0x0, 0x0, 0x0, 0xe, 0xff, 0xf8, 0x3f, 0xff,
    0xf5, 0x0, 0x0, 0x0, 0x7, 0xcc, 0xc8, 0x6f,
    0xff, 0xf1, 0x0, 0x0, 0x0, 0x0, 0x0, 0x0,
    0x8f, 0xff, 0xe0, 0x0, 0x0, 0x0, 0x0, 0x0,
    0x0, 0x9f, 0xff, 0xd0, 0x0, 0x1, 0x33, 0x33,
    0x33, 0x32, 0xaf, 0xff, 0xd0, 0x0, 0x9, 0xff,
    0xff, 0xff, 0xfc, 0x9f, 0xff, 0xd0, 0x0, 0x9,
    0xff, 0xff, 0xff, 0xfc, 0x8f, 0xff, 0xe0, 0x0,
    0x9, 0xff, 0xff, 0xff, 0xfc, 0x6f, 0xff, 0xf1,
    0x0, 0x0, 0x0, 0x9, 0xff, 0xfc, 0x3f, 0xff,
    0xf6, 0x0, 0x0, 0x0, 0x9, 0xff, 0xfc, 0xd,
    0xff, 0xfd, 0x0, 0x0, 0x0, 0x9, 0xff, 0xfc,
    0x6, 0xff, 0xff, 0xb1, 0x0, 0x0, 0xc, 0xff,
    0xfc, 0x0, 0xcf, 0xff, 0xff, 0xa8, 0x8a, 0xef,
    0xff, 0xfc, 0x0, 0x1d, 0xff, 0xff, 0xff, 0xff,
    0xff, 0xff, 0xf4, 0x0, 0x1, 0xaf, 0xff, 0xff,
    0xff, 0xff, 0xfb, 0x20, 0x0, 0x0, 0x3, 0x8c,
    0xef, 0xed, 0xb7, 0x20, 0x0,

    /* U+0048 "H" */
    0x1f, 0xff, 0xf4, 0x0, 0x0, 0x0, 0x2, 0xff,
    0xff, 0x41, 0xff, 0xff, 0x40, 0x0, 0x0, 0x0,
    0x2f, 0xff, 0xf4, 0x1f, 0xff, 0xf4, 0x0, 0x0,
    0x0, 0x2, 0xff, 0xff, 0x41, 0xff, 0xff, 0x40,
    0x0, 0x0, 0x0, 0x2f, 0xff, 0xf4, 0x1f, 0xff,
    0xf4, 0x0, 0x0, 0x0, 0x2, 0xff, 0xff, 0x41,
    0xff, 0xff, 0x40, 0x0, 0x0, 0x0, 0x2f, 0xff,
    0xf4, 0x1f, 0xff, 0xf4, 0x0, 0x0, 0x0, 0x2,
    0xff, 0xff, 0x41, 0xff, 0xff, 0x40, 0x0, 0x0,
    0x0, 0x2f, 0xff, 0xf4, 0x1f, 0xff, 0xfa, 0x88,
    0x88, 0x88, 0x89, 0xff, 0xff, 0x41, 0xff, 0xff,
    0xff, 0xff, 0xff, 0xff, 0xff, 0xff, 0xf4, 0x1f,
    0xff, 0xff, 0xff, 0xff, 0xff, 0xff, 0xff, 0xff,
    0x41, 0xff, 0xff, 0xff, 0xff, 0xff, 0xff, 0xff,
    0xff, 0xf4, 0x1f, 0xff, 0xf4, 0x0, 0x0, 0x0,
    0x2, 0xff, 0xff, 0x41, 0xff, 0xff, 0x40, 0x0,
    0x0, 0x0, 0x2f, 0xff, 0xf4, 0x1f, 0xff, 0xf4,
    0x0, 0x0, 0x0, 0x2, 0xff, 0xff, 0x41, 0xff,
    0xff, 0x40, 0x0, 0x0, 0x0, 0x2f, 0xff, 0xf4,
    0x1f, 0xff, 0xf4, 0x0, 0x0, 0x0, 0x2, 0xff,
    0xff, 0x41, 0xff, 0xff, 0x40, 0x0, 0x0, 0x0,
    0x2f, 0xff, 0xf4, 0x1f, 0xff, 0xf4, 0x0, 0x0,
    0x0, 0x2, 0xff, 0xff, 0x41, 0xff, 0xff, 0x40,
    0x0, 0x0, 0x0, 0x2f, 0xff, 0xf4, 0x1f, 0xff,
    0xf4, 0x0, 0x0, 0x0, 0x2, 0xff, 0xff, 0x40,

    /* U+0049 "I" */
    0xdf, 0xff, 0x9d, 0xff, 0xf9, 0xdf, 0xff, 0x9d,
    0xff, 0xf9, 0xdf, 0xff, 0x9d, 0xff, 0xf9, 0xdf,
    0xff, 0x9d, 0xff, 0xf9, 0xdf, 0xff, 0x9d, 0xff,
    0xf9, 0xdf, 0xff, 0x9d, 0xff, 0xf9, 0xdf, 0xff,
    0x9d, 0xff, 0xf9, 0xdf, 0xff, 0x9d, 0xff, 0xf9,
    0xdf, 0xff, 0x9d, 0xff, 0xf9, 0xdf, 0xff, 0x9d,
    0xff, 0xf9, 0xdf, 0xff, 0x90,

    /* U+004A "J" */
    0x0, 0x0, 0x0, 0x0, 0x0, 0x8f, 0xff, 0xe0,
    0x0, 0x0, 0x0, 0x0, 0x8, 0xff, 0xfe, 0x0,
    0x0, 0x0, 0x0, 0x0, 0x8f, 0xff, 0xe0, 0x0,
    0x0, 0x0, 0x0, 0x8, 0xff, 0xfe, 0x0, 0x0,
    0x0, 0x0, 0x0, 0x8f, 0xff, 0xe0, 0x0, 0x0,
    0x0, 0x0, 0x8, 0xff, 0xfe, 0x0, 0x0, 0x0,
    0x0, 0x0, 0x8f, 0xff, 0xe0, 0x0, 0x0, 0x0,
    0x0, 0x8, 0xff, 0xfe, 0x0, 0x0, 0x0, 0x0,
    0x0, 0x8f, 0xff, 0xe0, 0x0, 0x0, 0x0, 0x0,
    0x8, 0xff, 0xfe, 0x0, 0x0, 0x0, 0x0, 0x0,
    0x8f, 0xff, 0xe0, 0x0, 0x0, 0x0, 0x0, 0x8,
    0xff, 0xfe, 0x0, 0x0, 0x0, 0x0, 0x0, 0x8f,
    0xff, 0xe0, 0x0, 0x0, 0x0, 0x0, 0x8, 0xff,
    0xfe, 0x27, 0x77, 0x70, 0x0, 0x0, 0x8f, 0xff,
    0xd5, 0xff, 0xff, 0x20, 0x0, 0xb, 0xff, 0xfb,
    0x2f, 0xff, 0xf8, 0x0, 0x3, 0xff, 0xff, 0x80,
    0xcf, 0xff, 0xfb, 0x8a, 0xff, 0xff, 0xf2, 0x3,
    0xff, 0xff, 0xff, 0xff, 0xff, 0xf7, 0x0, 0x4,
    0xef, 0xff, 0xff, 0xff, 0xf7, 0x0, 0x0, 0x1,
    0x7c, 0xef, 0xec, 0x82, 0x0, 0x0,

    /* U+004B "K" */
    0x1f, 0xff, 0xf4, 0x0, 0x0, 0x0, 0xbf, 0xff,
    0xfa, 0x1, 0xff, 0xff, 0x40, 0x0, 0x0, 0x8f,
    0xff, 0xfd, 0x0, 0x1f, 0xff, 0xf4, 0x0, 0x0,
    0x4f, 0xff, 0xfe, 0x20, 0x1, 0xff, 0xff, 0x40,
    0x0, 0x2f, 0xff, 0xff, 0x40, 0x0, 0x1f, 0xff,
    0xf4, 0x0, 0xd, 0xff, 0xff, 0x60, 0x0, 0x1,
    0xff, 0xff, 0x40, 0xa, 0xff, 0xff, 0x90, 0x0,
    0x0, 0x1f, 0xff, 0xf4, 0x7, 0xff, 0xff, 0xc0,
    0x0, 0x0, 0x1, 0xff, 0xff, 0x43, 0xff, 0xff,
    0xe1, 0x0, 0x0, 0x0, 0x1f, 0xff, 0xf5, 0xef,
    0xff, 0xf3, 0x0, 0x0, 0x0, 0x1, 0xff, 0xff,
    0xef, 0xff, 0xfb, 0x0, 0x0, 0x0, 0x0, 0x1f,
    0xff, 0xff, 0xff, 0xff, 0xf4, 0x0, 0x0, 0x0,
    0x1, 0xff, 0xff, 0xff, 0xff, 0xff, 0xe0, 0x0,
    0x0, 0x0, 0x1f, 0xff, 0xff, 0xfd, 0xff, 0xff,
    0x90, 0x0, 0x0, 0x1, 0xff, 0xff, 0xfa, 0xc,
    0xff, 0xff, 0x40, 0x0, 0x0, 0x1f, 0xff, 0xfb,
    0x0, 0x2f, 0xff, 0xfe, 0x0, 0x0, 0x1, 0xff,
    0xff, 0x40, 0x0, 0x8f, 0xff, 0xf9, 0x0, 0x0,
    0x1f, 0xff, 0xf4, 0x0, 0x0, 0xdf, 0xff, 0xf4,
    0x0, 0x1, 0xff, 0xff, 0x40, 0x0, 0x3, 0xff,
    0xff, 0xe1, 0x0, 0x1f, 0xff, 0xf4, 0x0, 0x0,
    0x9, 0xff, 0xff, 0x90, 0x1, 0xff, 0xff, 0x40,
    0x0, 0x0, 0xd, 0xff, 0xff, 0x40, 0x1f, 0xff,
    0xf4, 0x0, 0x0, 0x0, 0x4f, 0xff, 0xfe, 0x10,

    /* U+004C "L" */
    0x1f, 0xff, 0xf4, 0x0, 0x0, 0x0, 0x0, 0x1,
    0xff, 0xff, 0x40, 0x0, 0x0, 0x0, 0x0, 0x1f,
    0xff, 0xf4, 0x0, 0x0, 0x0, 0x0, 0x1, 0xff,
    0xff, 0x40, 0x0, 0x0, 0x0, 0x0, 0x1f, 0xff,
    0xf4, 0x0, 0x0, 0x0, 0x0, 0x1, 0xff, 0xff,
    0x40, 0x0, 0x0, 0x0, 0x0, 0x1f, 0xff, 0xf4,
    0x0, 0x0, 0x0, 0x0, 0x1, 0xff, 0xff, 0x40,
    0x0, 0x0, 0x0, 0x0, 0x1f, 0xff, 0xf4, 0x0,
    0x0, 0x0, 0x0, 0x1, 0xff, 0xff, 0x40, 0x0,
    0x0, 0x0, 0x0, 0x1f, 0xff, 0xf4, 0x0, 0x0,
    0x0, 0x0, 0x1, 0xff, 0xff, 0x40, 0x0, 0x0,
    0x0, 0x0, 0x1f, 0xff, 0xf4, 0x0, 0x0, 0x0,
    0x0, 0x1, 0xff, 0xff, 0x40, 0x0, 0x0, 0x0,
    0x0, 0x1f, 0xff, 0xf4, 0x0, 0x0, 0x0, 0x0,
    0x1, 0xff, 0xff, 0x40, 0x0, 0x0, 0x0, 0x0,
    0x1f, 0xff, 0xf4, 0x0, 0x0, 0x0, 0x0, 0x1,
    0xff, 0xff, 0xa8, 0x88, 0x88, 0x88, 0x85, 0x1f,
    0xff, 0xff, 0xff, 0xff, 0xff, 0xff, 0xa1, 0xff,
    0xff, 0xff, 0xff, 0xff, 0xff, 0xfa, 0x1f, 0xff,
    0xff, 0xff, 0xff, 0xff, 0xff, 0xa0,

    /* U+004D "M" */
    0x1f, 0xff, 0xff, 0xd0, 0x0, 0x0, 0x0, 0x0,
    0x9, 0xff, 0xff, 0xf5, 0x1f, 0xff, 0xff, 0xf2,
    0x0, 0x0, 0x0, 0x0, 0xe, 0xff, 0xff, 0xf5,
    0x1f, 0xff, 0xff, 0xf8, 0x0, 0x0, 0x0, 0x0,
    0x5f, 0xff, 0xff, 0xf5, 0x1f, 0xff, 0xff, 0xfe,
    0x0, 0x0, 0x0, 0x0, 0xaf, 0xff, 0xff, 0xf5,
    0x1f, 0xff, 0xff, 0xff, 0x40, 0x0, 0x0, 0x1,
    0xff, 0xff, 0xff, 0xf5, 0x1f, 0xff, 0xff, 0xff,
    0x90, 0x0, 0x0, 0x6, 0xff, 0xfe, 0xff, 0xf5,
    0x1f, 0xff, 0xeb, 0xff, 0xf0, 0x0, 0x0, 0xc,
    0xff, 0xeb, 0xff, 0xf5, 0x1f, 0xff, 0xf5, 0xff,
    0xf5, 0x0, 0x0, 0x1f, 0xff, 0x9b, 0xff, 0xf5,
    0x1f, 0xff, 0xf0, 0xff, 0xfb, 0x0, 0x0, 0x7f,
    0xff, 0x3c, 0xff, 0xf5, 0x1f, 0xff, 0xf0, 0x9f,
    0xff, 0x10, 0x0, 0xdf, 0xfd, 0xc, 0xff, 0xf5,
    0x1f, 0xff, 0xf1, 0x4f, 0xff, 0x60, 0x2, 0xff,
    0xf7, 0xd, 0xff, 0xf5, 0x1f, 0xff, 0xf2, 0xe,
    0xff, 0xc0, 0x8, 0xff, 0xf1, 0xe, 0xff, 0xf5,
    0x1f, 0xff, 0xf2, 0x8, 0xff, 0xf2, 0xe, 0xff,
    0xb0, 0xf, 0xff, 0xf5, 0x1f, 0xff, 0xf3, 0x2,
    0xff, 0xf8, 0x4f, 0xff, 0x60, 0xf, 0xff, 0xf5,
    0x1f, 0xff, 0xf4, 0x0, 0xcf, 0xfd, 0x9f, 0xff,
    0x0, 0xf, 0xff, 0xf5, 0x1f, 0xff, 0xf4, 0x0,
    0x6f, 0xff, 0xff, 0xfa, 0x0, 0xf, 0xff, 0xf5,
    0x1f, 0xff, 0xf4, 0x0, 0x1f, 0xff, 0xff, 0xf4,
    0x0, 0x1f, 0xff, 0xf5, 0x1f, 0xff, 0xf4, 0x0,
    0xa, 0xff, 0xff, 0xe0, 0x0, 0x1f, 0xff, 0xf5,
    0x1f, 0xff, 0xf4, 0x0, 0x5, 0xff, 0xff, 0x80,
    0x0, 0x1f, 0xff, 0xf5, 0x1f, 0xff, 0xf4, 0x0,
    0x0, 0xef, 0xff, 0x20, 0x0, 0x1f, 0xff, 0xf5,
    0x1f, 0xff, 0xf4, 0x0, 0x0, 0x9f, 0xfc, 0x0,
    0x0, 0x1f, 0xff, 0xf5,

    /* U+004E "N" */
    0x1f, 0xff, 0xf9, 0x0, 0x0, 0x0, 0x2, 0xff,
    0xff, 0x41, 0xff, 0xff, 0xf3, 0x0, 0x0, 0x0,
    0x2f, 0xff, 0xf4, 0x1f, 0xff, 0xff, 0xd0, 0x0,
    0x0, 0x2, 0xff, 0xff, 0x41, 0xff, 0xff, 0xff,
    0x70, 0x0, 0x0, 0x2f, 0xff, 0xf4, 0x1f, 0xff,
    0xff, 0xff, 0x20, 0x0, 0x2, 0xff, 0xff, 0x41,
    0xff, 0xff, 0xff, 0xfb, 0x0, 0x0, 0x2f, 0xff,
    0xf4, 0x1f, 0xff, 0xff, 0xff, 0xf5, 0x0, 0x2,
    0xff, 0xff, 0x41, 0xff, 0xff, 0xcf, 0xff, 0xe0,
    0x0, 0x2f, 0xff, 0xf4, 0x1f, 0xff, 0xf5, 0xdf,
    0xff, 0x90, 0x2, 0xff, 0xff, 0x41, 0xff, 0xff,
    0x44, 0xff, 0xff, 0x30, 0x2f, 0xff, 0xf4, 0x1f,
    0xff, 0xf4, 0xa, 0xff, 0xfc, 0x2, 0xff, 0xff,
    0x41, 0xff, 0xff, 0x40, 0x1f, 0xff, 0xf6, 0x2f,
    0xff, 0xf4, 0x1f, 0xff, 0xf4, 0x0, 0x6f, 0xff,
    0xf3, 0xff, 0xff, 0x41, 0xff, 0xff, 0x40, 0x0,
    0xcf, 0xff, 0xcf, 0xff, 0xf4, 0x1f, 0xff, 0xf4,
    0x0, 0x2, 0xff, 0xff, 0xff, 0xff, 0x41, 0xff,
    0xff, 0x40, 0x0, 0x8, 0xff, 0xff, 0xff, 0xf4,
    0x1f, 0xff, 0xf4, 0x0, 0x0, 0xe, 0xff, 0xff,
    0xff, 0x41, 0xff, 0xff, 0x40, 0x0, 0x0, 0x5f,
    0xff, 0xff, 0xf4, 0x1f, 0xff, 0xf4, 0x0, 0x0,
    0x0, 0xbf, 0xff, 0xff, 0x41, 0xff, 0xff, 0x40,
    0x0, 0x0, 0x1, 0xff, 0xff, 0xf4, 0x1f, 0xff,
    0xf4, 0x0, 0x0, 0x0, 0x7, 0xff, 0xff, 0x40,

    /* U+004F "O" */
    0x0, 0x0, 0x3, 0x9d, 0xff, 0xec, 0x71, 0x0,
    0x0, 0x0, 0x0, 0x1a, 0xff, 0xff, 0xff, 0xff,
    0xf7, 0x0, 0x0, 0x0, 0x1d, 0xff, 0xff, 0xff,
    0xff, 0xff, 0xfa, 0x0, 0x0, 0xc, 0xff, 0xff,
    0xfb, 0xac, 0xff, 0xff, 0xf8, 0x0, 0x7, 0xff,
    0xff, 0xa0, 0x0, 0x2, 0xdf, 0xff, 0xf2, 0x0,
    0xef, 0xff, 0xc0, 0x0, 0x0, 0x2, 0xff, 0xff,
    0x90, 0x4f, 0xff, 0xf4, 0x0, 0x0, 0x0, 0x9,
    0xff, 0xfe, 0x7, 0xff, 0xff, 0x0, 0x0, 0x0,
    0x0, 0x4f, 0xff, 0xf2, 0xaf, 0xff, 0xd0, 0x0,
    0x0, 0x0, 0x2, 0xff, 0xff, 0x5b, 0xff, 0xfb,
    0x0, 0x0, 0x0, 0x0, 0x1f, 0xff, 0xf6, 0xbf,
    0xff, 0xb0, 0x0, 0x0, 0x0, 0x0, 0xff, 0xff,
    0x6b, 0xff, 0xfb, 0x0, 0x0, 0x0, 0x0, 0xf,
    0xff, 0xf6, 0xaf, 0xff, 0xd0, 0x0, 0x0, 0x0,
    0x2, 0xff, 0xff, 0x57, 0xff, 0xff, 0x0, 0x0,
    0x0, 0x0, 0x4f, 0xff, 0xf2, 0x4f, 0xff, 0xf4,
    0x0, 0x0, 0x0, 0x9, 0xff, 0xff, 0x0, 0xef,
    0xff, 0xc0, 0x0, 0x0, 0x1, 0xff, 0xff, 0x90,
    0x7, 0xff, 0xff, 0xa0, 0x0, 0x2, 0xdf, 0xff,
    0xf2, 0x0, 0xc, 0xff, 0xff, 0xea, 0x9b, 0xff,
    0xff, 0xf8, 0x0, 0x0, 0x1d, 0xff, 0xff, 0xff,
    0xff, 0xff, 0xfb, 0x0, 0x0, 0x0, 0x1a, 0xff,
    0xff, 0xff, 0xff, 0xf8, 0x0, 0x0, 0x0, 0x0,
    0x3, 0x9d, 0xff, 0xec, 0x71, 0x0, 0x0, 0x0,

    /* U+0050 "P" */
    0x1f, 0xff, 0xff, 0xff, 0xff, 0xec, 0x71, 0x0,
    0x0, 0x1f, 0xff, 0xff, 0xff, 0xff, 0xff, 0xff,
    0x70, 0x0, 0x1f, 0xff, 0xff, 0xff, 0xff, 0xff,
    0xff, 0xf9, 0x0, 0x1f, 0xff, 0xfa, 0x88, 0x89,
    0xbf, 0xff, 0xff, 0x40, 0x1f, 0xff, 0xf4, 0x0,
    0x0, 0x4, 0xff, 0xff, 0xc0, 0x1f, 0xff, 0xf4,
    0x0, 0x0, 0x0, 0x8f, 0xff, 0xf0, 0x1f, 0xff,
    0xf4, 0x0, 0x0, 0x0, 0x4f, 0xff, 0xf2, 0x1f,
    0xff, 0xf4, 0x0, 0x0, 0x0, 0x4f, 0xff, 0xf2,
    0x1f, 0xff, 0xf4, 0x0, 0x0, 0x0, 0xaf, 0xff,
    0xf0, 0x1f, 0xff, 0xf4, 0x0, 0x0, 0x29, 0xff,
    0xff, 0xb0, 0x1f, 0xff, 0xff, 0xff, 0xff, 0xff,
    0xff, 0xff, 0x30, 0x1f, 0xff, 0xff, 0xff, 0xff,
    0xff, 0xff, 0xf5, 0x0, 0x1f, 0xff, 0xff, 0xff,
    0xff, 0xff, 0xfb, 0x20, 0x0, 0x1f, 0xff, 0xfa,
    0x88, 0x88, 0x74, 0x10, 0x0, 0x0, 0x1f, 0xff,
    0xf4, 0x0, 0x0, 0x0, 0x0, 0x0, 0x0, 0x1f,
    0xff, 0xf4, 0x0, 0x0, 0x0, 0x0, 0x0, 0x0,
    0x1f, 0xff, 0xf4, 0x0, 0x0, 0x0, 0x0, 0x0,
    0x0, 0x1f, 0xff, 0xf4, 0x0, 0x0, 0x0, 0x0,
    0x0, 0x0, 0x1f, 0xff, 0xf4, 0x0, 0x0, 0x0,
    0x0, 0x0, 0x0, 0x1f, 0xff, 0xf4, 0x0, 0x0,
    0x0, 0x0, 0x0, 0x0, 0x1f, 0xff, 0xf4, 0x0,
    0x0, 0x0, 0x0, 0x0, 0x0,

    /* U+0051 "Q" */
    0x0, 0x0, 0x3, 0x9d, 0xff, 0xec, 0x71, 0x0,
    0x0, 0x0, 0x0, 0x1b, 0xff, 0xff, 0xff, 0xff,
    0xf7, 0x0, 0x0, 0x0, 0x2e, 0xff, 0xff, 0xff,
    0xff, 0xff, 0xfa, 0x0, 0x0, 0xd, 0xff, 0xff,
    0xfb, 0xac, 0xff, 0xff, 0xf7, 0x0, 0x7, 0xff,
    0xff, 0x90, 0x0, 0x2, 0xdf, 0xff, 0xf2, 0x0,
    0xef, 0xff, 0xb0, 0x0, 0x0, 0x2, 0xff, 0xff,
    0x80, 0x4f, 0xff, 0xf3, 0x0, 0x0, 0x0, 0xa,
    0xff, 0xfe, 0x8, 0xff, 0xff, 0x0, 0x0, 0x0,
    0x0, 0x5f, 0xff, 0xf2, 0xaf, 0xff, 0xc0, 0x0,
    0x0, 0x0, 0x2, 0xff, 0xff, 0x4b, 0xff, 0xfb,
    0x0, 0x0, 0x0, 0x0, 0x1f, 0xff, 0xf5, 0xcf,
    0xff, 0xb0, 0x0, 0x0, 0x0, 0x1, 0xff, 0xff,
    0x6b, 0xff, 0xfb, 0x0, 0x0, 0x0, 0x0, 0x1f,
    0xff, 0xf5, 0xaf, 0xff, 0xc0, 0x0, 0x0, 0x0,
    0x2, 0xff, 0xff, 0x38, 0xff, 0xff, 0x0, 0x0,
    0x0, 0x0, 0x5f, 0xff, 0xf2, 0x4f, 0xff, 0xf4,
    0x0, 0x0, 0x0, 0x9, 0xff, 0xfd, 0x0, 0xef,
    0xff, 0xc0, 0x0, 0x0, 0x2, 0xff, 0xff, 0x80,
    0x7, 0xff, 0xff, 0x90, 0x0, 0x2, 0xdf, 0xff,
    0xf1, 0x0, 0xd, 0xff, 0xff, 0xea, 0x9b, 0xff,
    0xff, 0xf6, 0x0, 0x0, 0x2d, 0xff, 0xff, 0xff,
    0xff, 0xff, 0xf8, 0x0, 0x0, 0x0, 0x1b, 0xff,
    0xff, 0xff, 0xff, 0xff, 0x20, 0x0, 0x0, 0x0,
    0x3, 0x9d, 0xff, 0xef, 0xff, 0xff, 0x50, 0x0,
    0x0, 0x0, 0x0, 0x0, 0x0, 0x4f, 0xff, 0xff,
    0x90, 0x0, 0x0, 0x0, 0x0, 0x0, 0x0, 0x2d,
    0xff, 0xfb, 0x0, 0x0, 0x0, 0x0, 0x0, 0x0,
    0x0, 0xa, 0xf9, 0x0, 0x0, 0x0, 0x0, 0x0,
    0x0, 0x0, 0x0, 0x4, 0x0, 0x0,

    /* U+0052 "R" */
    0x1f, 0xff, 0xff, 0xff, 0xff, 0xeb, 0x71, 0x0,
    0x0, 0x1f, 0xff, 0xff, 0xff, 0xff, 0xff, 0xff,
    0x60, 0x0, 0x1f, 0xff, 0xff, 0xff, 0xff, 0xff,
    0xff, 0xf6, 0x0, 0x1f, 0xff, 0xfa, 0x88, 0x8a,
    0xdf, 0xff, 0xff, 0x10, 0x1f, 0xff, 0xf4, 0x0,
    0x0, 0x8, 0xff, 0xff, 0x60, 0x1f, 0xff, 0xf4,
    0x0, 0x0, 0x0, 0xef, 0xff, 0x90, 0x1f, 0xff,
    0xf4, 0x0, 0x0, 0x0, 0xbf, 0xff, 0xa0, 0x1f,
    0xff, 0xf4, 0x0, 0x0, 0x0, 0xcf, 0xff, 0x90,
    0x1f, 0xff, 0xf4, 0x0, 0x0, 0x2, 0xff, 0xff,
    0x60, 0x1f, 0xff, 0xf4, 0x0, 0x1, 0x5e, 0xff,
    0xff, 0x10, 0x1f, 0xff, 0xff, 0xff, 0xff, 0xff,
    0xff, 0xf6, 0x0, 0x1f, 0xff, 0xff, 0xff, 0xff,
    0xff, 0xff, 0x60, 0x0, 0x1f, 0xff, 0xff, 0xff,
    0xff, 0xff, 0xf2, 0x0, 0x0, 0x1f, 0xff, 0xfa,
    0x88, 0x9f, 0xff, 0xf7, 0x0, 0x0, 0x1f, 0xff,
    0xf4, 0x0, 0xa, 0xff, 0xff, 0x10, 0x0, 0x1f,
    0xff, 0xf4, 0x0, 0x2, 0xff, 0xff, 0x80, 0x0,
    0x1f, 0xff, 0xf4, 0x0, 0x0, 0x9f, 0xff, 0xf1,
    0x0, 0x1f, 0xff, 0xf4, 0x0, 0x0, 0x1f, 0xff,
    0xfa, 0x0, 0x1f, 0xff, 0xf4, 0x0, 0x0, 0x8,
    0xff, 0xff, 0x20, 0x1f, 0xff, 0xf4, 0x0, 0x0,
    0x1, 0xff, 0xff, 0xb0, 0x1f, 0xff, 0xf4, 0x0,
    0x0, 0x0, 0x7f, 0xff, 0xf3,

    /* U+0053 "S" */
    0x0, 0x0, 0x49, 0xce, 0xfe, 0xc8, 0x30, 0x0,
    0x0, 0x2, 0xcf, 0xff, 0xff, 0xff, 0xff, 0xa1,
    0x0, 0x2, 0xef, 0xff, 0xff, 0xff, 0xff, 0xff,
    0xc0, 0x0, 0xcf, 0xff, 0xfd, 0x98, 0x9e, 0xff,
    0xff, 0x90, 0x2f, 0xff, 0xf9, 0x0, 0x0, 0xb,
    0xff, 0xff, 0x14, 0xff, 0xff, 0x20, 0x0, 0x0,
    0x3f, 0xff, 0xf3, 0x3f, 0xff, 0xf3, 0x0, 0x0,
    0x0, 0x66, 0x66, 0x20, 0xef, 0xff, 0xe5, 0x0,
    0x0, 0x0, 0x0, 0x0, 0x6, 0xff, 0xff, 0xfd,
    0x72, 0x0, 0x0, 0x0, 0x0, 0x7, 0xff, 0xff,
    0xff, 0xfd, 0x71, 0x0, 0x0, 0x0, 0x3, 0xcf,
    0xff, 0xff, 0xff, 0xf7, 0x0, 0x0, 0x0, 0x0,
    0x39, 0xef, 0xff, 0xff, 0xfb, 0x0, 0x0, 0x0,
    0x0, 0x0, 0x4a, 0xff, 0xff, 0xf8, 0x0, 0x0,
    0x0, 0x0, 0x0, 0x2, 0xdf, 0xff, 0xf0, 0xbc,
    0xcc, 0x50, 0x0, 0x0, 0x3, 0xff, 0xff, 0x4d,
    0xff, 0xfa, 0x0, 0x0, 0x0, 0x1f, 0xff, 0xf5,
    0x8f, 0xff, 0xf5, 0x0, 0x0, 0x8, 0xff, 0xff,
    0x31, 0xff, 0xff, 0xfc, 0x87, 0x8c, 0xff, 0xff,
    0xe0, 0x3, 0xff, 0xff, 0xff, 0xff, 0xff, 0xff,
    0xf4, 0x0, 0x2, 0xbf, 0xff, 0xff, 0xff, 0xff,
    0xe4, 0x0, 0x0, 0x0, 0x38, 0xce, 0xff, 0xda,
    0x60, 0x0, 0x0,

    /* U+0054 "T" */
    0x6f, 0xff, 0xff, 0xff, 0xff, 0xff, 0xff, 0xff,
    0xff, 0x6f, 0xff, 0xff, 0xff, 0xff, 0xff, 0xff,
    0xff, 0xff, 0x6f, 0xff, 0xff, 0xff, 0xff, 0xff,
    0xff, 0xff, 0xff, 0x38, 0x88, 0x88, 0x8f, 0xff,
    0xfb, 0x88, 0x88, 0x88, 0x0, 0x0, 0x0, 0xf,
    0xff, 0xf6, 0x0, 0x0, 0x0, 0x0, 0x0, 0x0,
    0xf, 0xff, 0xf6, 0x0, 0x0, 0x0, 0x0, 0x0,
    0x0, 0xf, 0xff, 0xf6, 0x0, 0x0, 0x0, 0x0,
    0x0, 0x0, 0xf, 0xff, 0xf6, 0x0, 0x0, 0x0,
    0x0, 0x0, 0x0, 0xf, 0xff, 0xf6, 0x0, 0x0,
    0x0, 0x0, 0x0, 0x0, 0xf, 0xff, 0xf6, 0x0,
    0x0, 0x0, 0x0, 0x0, 0x0, 0xf, 0xff, 0xf6,
    0x0, 0x0, 0x0, 0x0, 0x0, 0x0, 0xf, 0xff,
    0xf6, 0x0, 0x0, 0x0, 0x0, 0x0, 0x0, 0xf,
    0xff, 0xf6, 0x0, 0x0, 0x0, 0x0, 0x0, 0x0,
    0xf, 0xff, 0xf6, 0x0, 0x0, 0x0, 0x0, 0x0,
    0x0, 0xf, 0xff, 0xf6, 0x0, 0x0, 0x0, 0x0,
    0x0, 0x0, 0xf, 0xff, 0xf6, 0x0, 0x0, 0x0,
    0x0, 0x0, 0x0, 0xf, 0xff, 0xf6, 0x0, 0x0,
    0x0, 0x0, 0x0, 0x0, 0xf, 0xff, 0xf6, 0x0,
    0x0, 0x0, 0x0, 0x0, 0x0, 0xf, 0xff, 0xf6,
    0x0, 0x0, 0x0, 0x0, 0x0, 0x0, 0xf, 0xff,
    0xf6, 0x0, 0x0, 0x0, 0x0, 0x0, 0x0, 0xf,
    0xff, 0xf6, 0x0, 0x0, 0x0,

    /* U+0055 "U" */
    0x4f, 0xff, 0xf1, 0x0, 0x0, 0x0, 0x5f, 0xff,
    0xf0, 0x4f, 0xff, 0xf1, 0x0, 0x0, 0x0, 0x5f,
    0xff, 0xf0, 0x4f, 0xff, 0xf1, 0x0, 0x0, 0x0,
    0x5f, 0xff, 0xf0, 0x4f, 0xff, 0xf1, 0x0, 0x0,
    0x0, 0x5f, 0xff, 0xf0, 0x4f, 0xff, 0xf1, 0x0,
    0x0, 0x0, 0x5f, 0xff, 0xf0, 0x4f, 0xff, 0xf1,
    0x0, 0x0, 0x0, 0x5f, 0xff, 0xf0, 0x4f, 0xff,
    0xf1, 0x0, 0x0, 0x0, 0x5f, 0xff, 0xf0, 0x4f,
    0xff, 0xf1, 0x0, 0x0, 0x0, 0x5f, 0xff, 0xf0,
    0x4f, 0xff, 0xf1, 0x0, 0x0, 0x0, 0x5f, 0xff,
    0xf0, 0x4f, 0xff, 0xf1, 0x0, 0x0, 0x0, 0x5f,
    0xff, 0xf0, 0x4f, 0xff, 0xf1, 0x0, 0x0, 0x0,
    0x5f, 0xff, 0xf0, 0x4f, 0xff, 0xf1, 0x0, 0x0,
    0x0, 0x5f, 0xff, 0xf0, 0x4f, 0xff, 0xf1, 0x0,
    0x0, 0x0, 0x5f, 0xff, 0xf0, 0x4f, 0xff, 0xf1,
    0x0, 0x0, 0x0, 0x5f, 0xff, 0xf0, 0x3f, 0xff,
    0xf2, 0x0, 0x0, 0x0, 0x7f, 0xff, 0xf0, 0x1f,
    0xff, 0xf6, 0x0, 0x0, 0x0, 0xbf, 0xff, 0xd0,
    0xc, 0xff, 0xfe, 0x30, 0x0, 0x6, 0xff, 0xff,
    0x80, 0x5, 0xff, 0xff, 0xfb, 0x89, 0xcf, 0xff,
    0xff, 0x10, 0x0, 0x9f, 0xff, 0xff, 0xff, 0xff,
    0xff, 0xf5, 0x0, 0x0, 0x7, 0xff, 0xff, 0xff,
    0xff, 0xfe, 0x40, 0x0, 0x0, 0x0, 0x17, 0xbe,
    0xff, 0xeb, 0x60, 0x0, 0x0,

    /* U+0056 "V" */
    0xbf, 0xff, 0xf2, 0x0, 0x0, 0x0, 0x0, 0x8f,
    0xff, 0xf5, 0x5f, 0xff, 0xf6, 0x0, 0x0, 0x0,
    0x0, 0xdf, 0xff, 0xf0, 0xf, 0xff, 0xfb, 0x0,
    0x0, 0x0, 0x2, 0xff, 0xff, 0xa0, 0xa, 0xff,
    0xff, 0x0, 0x0, 0x0, 0x7, 0xff, 0xff, 0x40,
    0x4, 0xff, 0xff, 0x50, 0x0, 0x0, 0xb, 0xff,
    0xfe, 0x0, 0x0, 0xef, 0xff, 0xa0, 0x0, 0x0,
    0x1f, 0xff, 0xf9, 0x0, 0x0, 0x9f, 0xff, 0xe0,
    0x0, 0x0, 0x5f, 0xff, 0xf3, 0x0, 0x0, 0x4f,
    0xff, 0xf3, 0x0, 0x0, 0xaf, 0xff, 0xd0, 0x0,
    0x0, 0xe, 0xff, 0xf8, 0x0, 0x0, 0xff, 0xff,
    0x80, 0x0, 0x0, 0x8, 0xff, 0xfd, 0x0, 0x4,
    0xff, 0xff, 0x20, 0x0, 0x0, 0x3, 0xff, 0xff,
    0x20, 0x9, 0xff, 0xfc, 0x0, 0x0, 0x0, 0x0,
    0xdf, 0xff, 0x70, 0xe, 0xff, 0xf7, 0x0, 0x0,
    0x0, 0x0, 0x7f, 0xff, 0xc0, 0x2f, 0xff, 0xf1,
    0x0, 0x0, 0x0, 0x0, 0x2f, 0xff, 0xf1, 0x7f,
    0xff, 0xb0, 0x0, 0x0, 0x0, 0x0, 0xc, 0xff,
    0xf5, 0xcf, 0xff, 0x60, 0x0, 0x0, 0x0, 0x0,
    0x7, 0xff, 0xfc, 0xff, 0xff, 0x0, 0x0, 0x0,
    0x0, 0x0, 0x1, 0xff, 0xff, 0xff, 0xfa, 0x0,
    0x0, 0x0, 0x0, 0x0, 0x0, 0xbf, 0xff, 0xff,
    0xf5, 0x0, 0x0, 0x0, 0x0, 0x0, 0x0, 0x6f,
    0xff, 0xff, 0xe0, 0x0, 0x0, 0x0, 0x0, 0x0,
    0x0, 0xf, 0xff, 0xff, 0x90, 0x0, 0x0, 0x0,
    0x0, 0x0, 0x0, 0xa, 0xff, 0xff, 0x40, 0x0,
    0x0, 0x0,

    /* U+0057 "W" */
    0x6f, 0xff, 0xf0, 0x0, 0x0, 0xd, 0xff, 0xf2,
    0x0, 0x0, 0xb, 0xff, 0xfa, 0x2f, 0xff, 0xf2,
    0x0, 0x0, 0x1f, 0xff, 0xf5, 0x0, 0x0, 0xe,
    0xff, 0xf6, 0xe, 0xff, 0xf5, 0x0, 0x0, 0x4f,
    0xff, 0xf9, 0x0, 0x0, 0x1f, 0xff, 0xf3, 0xb,
    0xff, 0xf9, 0x0, 0x0, 0x8f, 0xff, 0xfd, 0x0,
    0x0, 0x4f, 0xff, 0xf0, 0x7, 0xff, 0xfc, 0x0,
    0x0, 0xcf, 0xff, 0xff, 0x10, 0x0, 0x7f, 0xff,
    0xc0, 0x3, 0xff, 0xff, 0x0, 0x0, 0xff, 0xff,
    0xff, 0x40, 0x0, 0xaf, 0xff, 0x80, 0x0, 0xff,
    0xff, 0x20, 0x3, 0xff, 0xff, 0xff, 0x80, 0x0,
    0xdf, 0xff, 0x40, 0x0, 0xcf, 0xff, 0x50, 0x7,
    0xff, 0xfc, 0xff, 0xc0, 0x0, 0xff, 0xff, 0x10,
    0x0, 0x9f, 0xff, 0x80, 0xb, 0xff, 0xc7, 0xff,
    0xf0, 0x3, 0xff, 0xfd, 0x0, 0x0, 0x5f, 0xff,
    0xb0, 0xe, 0xff, 0x83, 0xff, 0xf3, 0x6, 0xff,
    0xf9, 0x0, 0x0, 0x1f, 0xff, 0xe0, 0x2f, 0xff,
    0x40, 0xff, 0xf7, 0x9, 0xff, 0xf6, 0x0, 0x0,
    0xe, 0xff, 0xf1, 0x6f, 0xff, 0x0, 0xbf, 0xfb,
    0xc, 0xff, 0xf2, 0x0, 0x0, 0xa, 0xff, 0xf5,
    0xaf, 0xfc, 0x0, 0x7f, 0xfe, 0xf, 0xff, 0xf0,
    0x0, 0x0, 0x7, 0xff, 0xf8, 0xef, 0xf8, 0x0,
    0x3f, 0xff, 0x5f, 0xff, 0xb0, 0x0, 0x0, 0x3,
    0xff, 0xfd, 0xff, 0xf4, 0x0, 0xf, 0xff, 0xcf,
    0xff, 0x70, 0x0, 0x0, 0x0, 0xff, 0xff, 0xff,
    0xf0, 0x0, 0xc, 0xff, 0xff, 0xff, 0x40, 0x0,
    0x0, 0x0, 0xcf, 0xff, 0xff, 0xc0, 0x0, 0x8,
    0xff, 0xff, 0xff, 0x0, 0x0, 0x0, 0x0, 0x8f,
    0xff, 0xff, 0x80, 0x0, 0x4, 0xff, 0xff, 0xfd,
    0x0, 0x0, 0x0, 0x0, 0x5f, 0xff, 0xff, 0x40,
    0x0, 0x0, 0xff, 0xff, 0xf9, 0x0, 0x0, 0x0,
    0x0, 0x1f, 0xff, 0xff, 0x0, 0x0, 0x0, 0xcf,
    0xff, 0xf5, 0x0, 0x0, 0x0, 0x0, 0xd, 0xff,
    0xfc, 0x0, 0x0, 0x0, 0x8f, 0xff, 0xf2, 0x0,
    0x0,

    /* U+0058 "X" */
    0x3f, 0xff, 0xfc, 0x0, 0x0, 0x0, 0xb, 0xff,
    0xff, 0x40, 0x9f, 0xff, 0xf5, 0x0, 0x0, 0x4,
    0xff, 0xff, 0xb0, 0x1, 0xff, 0xff, 0xd0, 0x0,
    0x0, 0xdf, 0xff, 0xf2, 0x0, 0x6, 0xff, 0xff,
    0x70, 0x0, 0x6f, 0xff, 0xf8, 0x0, 0x0, 0xd,
    0xff, 0xfe, 0x10, 0xe, 0xff, 0xfd, 0x0, 0x0,
    0x0, 0x3f, 0xff, 0xf8, 0x7, 0xff, 0xff, 0x40,
    0x0, 0x0, 0x0, 0xaf, 0xff, 0xf3, 0xff, 0xff,
    0xb0, 0x0, 0x0, 0x0, 0x1, 0xff, 0xff, 0xff,
    0xff, 0xf2, 0x0, 0x0, 0x0, 0x0, 0x7, 0xff,
    0xff, 0xff, 0xf8, 0x0, 0x0, 0x0, 0x0, 0x0,
    0xd, 0xff, 0xff, 0xfe, 0x0, 0x0, 0x0, 0x0,
    0x0, 0x0, 0x7f, 0xff, 0xff, 0x80, 0x0, 0x0,
    0x0, 0x0, 0x0, 0xe, 0xff, 0xff, 0xff, 0x10,
    0x0, 0x0, 0x0, 0x0, 0x9, 0xff, 0xff, 0xff,
    0xfa, 0x0, 0x0, 0x0, 0x0, 0x2, 0xff, 0xff,
    0xef, 0xff, 0xf3, 0x0, 0x0, 0x0, 0x0, 0xcf,
    0xff, 0xf2, 0xef, 0xff, 0xd0, 0x0, 0x0, 0x0,
    0x5f, 0xff, 0xf7, 0x6, 0xff, 0xff, 0x70, 0x0,
    0x0, 0xe, 0xff, 0xfe, 0x0, 0xd, 0xff, 0xff,
    0x10, 0x0, 0x9, 0xff, 0xff, 0x60, 0x0, 0x5f,
    0xff, 0xfa, 0x0, 0x2, 0xff, 0xff, 0xd0, 0x0,
    0x0, 0xcf, 0xff, 0xf3, 0x0, 0xcf, 0xff, 0xf4,
    0x0, 0x0, 0x3, 0xff, 0xff, 0xd0, 0x5f, 0xff,
    0xfb, 0x0, 0x0, 0x0, 0xa, 0xff, 0xff, 0x70,

    /* U+0059 "Y" */
    0xbf, 0xff, 0xf1, 0x0, 0x0, 0x0, 0x8, 0xff,
    0xff, 0x33, 0xff, 0xff, 0x80, 0x0, 0x0, 0x0,
    0xff, 0xff, 0xb0, 0xa, 0xff, 0xff, 0x0, 0x0,
    0x0, 0x7f, 0xff, 0xf3, 0x0, 0x2f, 0xff, 0xf7,
    0x0, 0x0, 0xe, 0xff, 0xfa, 0x0, 0x0, 0x9f,
    0xff, 0xe0, 0x0, 0x6, 0xff, 0xff, 0x20, 0x0,
    0x1, 0xff, 0xff, 0x60, 0x0, 0xdf, 0xff, 0x90,
    0x0, 0x0, 0x9, 0xff, 0xfd, 0x0, 0x5f, 0xff,
    0xf2, 0x0, 0x0, 0x0, 0x1f, 0xff, 0xf5, 0xc,
    0xff, 0xf9, 0x0, 0x0, 0x0, 0x0, 0x8f, 0xff,
    0xc4, 0xff, 0xff, 0x10, 0x0, 0x0, 0x0, 0x1,
    0xef, 0xff, 0xdf, 0xff, 0x80, 0x0, 0x0, 0x0,
    0x0, 0x7, 0xff, 0xff, 0xff, 0xf1, 0x0, 0x0,
    0x0, 0x0, 0x0, 0xe, 0xff, 0xff, 0xf7, 0x0,
    0x0, 0x0, 0x0, 0x0, 0x0, 0x7f, 0xff, 0xfe,
    0x0, 0x0, 0x0, 0x0, 0x0, 0x0, 0x0, 0xff,
    0xff, 0x80, 0x0, 0x0, 0x0, 0x0, 0x0, 0x0,
    0xf, 0xff, 0xf8, 0x0, 0x0, 0x0, 0x0, 0x0,
    0x0, 0x0, 0xff, 0xff, 0x80, 0x0, 0x0, 0x0,
    0x0, 0x0, 0x0, 0xf, 0xff, 0xf8, 0x0, 0x0,
    0x0, 0x0, 0x0, 0x0, 0x0, 0xff, 0xff, 0x80,
    0x0, 0x0, 0x0, 0x0, 0x0, 0x0, 0xf, 0xff,
    0xf8, 0x0, 0x0, 0x0, 0x0, 0x0, 0x0, 0x0,
    0xff, 0xff, 0x80, 0x0, 0x0, 0x0, 0x0, 0x0,
    0x0, 0xf, 0xff, 0xf8, 0x0, 0x0, 0x0, 0x0,

    /* U+005A "Z" */
    0xef, 0xff, 0xff, 0xff, 0xff, 0xff, 0xff, 0xff,
    0x1e, 0xff, 0xff, 0xff, 0xff, 0xff, 0xff, 0xff,
    0xf1, 0xef, 0xff, 0xff, 0xff, 0xff, 0xff, 0xff,
    0xff, 0x7, 0x88, 0x88, 0x88, 0x88, 0x8c, 0xff,
    0xff, 0x60, 0x0, 0x0, 0x0, 0x0, 0x2, 0xff,
    0xff, 0xa0, 0x0, 0x0, 0x0, 0x0, 0x0, 0xcf,
    0xff, 0xe1, 0x0, 0x0, 0x0, 0x0, 0x0, 0x7f,
    0xff, 0xf4, 0x0, 0x0, 0x0, 0x0, 0x0, 0x3f,
    0xff, 0xf9, 0x0, 0x0, 0x0, 0x0, 0x0, 0xd,
    0xff, 0xfd, 0x0, 0x0, 0x0, 0x0, 0x0, 0x9,
    0xff, 0xff, 0x30, 0x0, 0x0, 0x0, 0x0, 0x5,
    0xff, 0xff, 0x70, 0x0, 0x0, 0x0, 0x0, 0x1,
    0xef, 0xff, 0xc0, 0x0, 0x0, 0x0, 0x0, 0x0,
    0xbf, 0xff, 0xf1, 0x0, 0x0, 0x0, 0x0, 0x0,
    0x7f, 0xff, 0xf5, 0x0, 0x0, 0x0, 0x0, 0x0,
    0x2f, 0xff, 0xfa, 0x0, 0x0, 0x0, 0x0, 0x0,
    0xd, 0xff, 0xfe, 0x10, 0x0, 0x0, 0x0, 0x0,
    0x9, 0xff, 0xff, 0x40, 0x0, 0x0, 0x0, 0x0,
    0x4, 0xff, 0xff, 0xd8, 0x88, 0x88, 0x88, 0x88,
    0x82, 0xdf, 0xff, 0xff, 0xff, 0xff, 0xff, 0xff,
    0xff, 0x5f, 0xff, 0xff, 0xff, 0xff, 0xff, 0xff,
    0xff, 0xf5, 0xff, 0xff, 0xff, 0xff, 0xff, 0xff,
    0xff, 0xff, 0x50,

    /* U+005B "[" */
    0x3, 0x33, 0x33, 0x30, 0x3f, 0xff, 0xff, 0xf1,
    0x3f, 0xff, 0xff, 0xf1, 0x3f, 0xff, 0xff, 0xf1,
    0x3f, 0xff, 0xf0, 0x0, 0x3f, 0xff, 0xf0, 0x0,
    0x3f, 0xff, 0xf0, 0x0, 0x3f, 0xff, 0xf0, 0x0,
    0x3f, 0xff, 0xf0, 0x0, 0x3f, 0xff, 0xf0, 0x0,
    0x3f, 0xff, 0xf0, 0x0, 0x3f, 0xff, 0xf0, 0x0,
    0x3f, 0xff, 0xf0, 0x0, 0x3f, 0xff, 0xf0, 0x0,
    0x3f, 0xff, 0xf0, 0x0, 0x3f, 0xff, 0xf0, 0x0,
    0x3f, 0xff, 0xf0, 0x0, 0x3f, 0xff, 0xf0, 0x0,
    0x3f, 0xff, 0xf0, 0x0, 0x3f, 0xff, 0xf0, 0x0,
    0x3f, 0xff, 0xf0, 0x0, 0x3f, 0xff, 0xf0, 0x0,
    0x3f, 0xff, 0xf0, 0x0, 0x3f, 0xff, 0xf0, 0x0,
    0x3f, 0xff, 0xf0, 0x0, 0x3f, 0xff, 0xf0, 0x0,
    0x3f, 0xff, 0xf3, 0x30, 0x3f, 0xff, 0xff, 0xf1,
    0x3f, 0xff, 0xff, 0xf1, 0x3f, 0xff, 0xff, 0xf1,

    /* U+005C "\\" */
    0xcf, 0xff, 0x80, 0x0, 0x0, 0x0, 0x0, 0x6f,
    0xff, 0xe0, 0x0, 0x0, 0x0, 0x0, 0x1f, 0xff,
    0xf4, 0x0, 0x0, 0x0, 0x0, 0xa, 0xff, 0xfa,
    0x0, 0x0, 0x0, 0x0, 0x4, 0xff, 0xff, 0x10,
    0x0, 0x0, 0x0, 0x0, 0xdf, 0xff, 0x70, 0x0,
    0x0, 0x0, 0x0, 0x7f, 0xff, 0xd0, 0x0, 0x0,
    0x0, 0x0, 0x1f, 0xff, 0xf3, 0x0, 0x0, 0x0,
    0x0, 0xb, 0xff, 0xf9, 0x0, 0x0, 0x0, 0x0,
    0x5, 0xff, 0xff, 0x0, 0x0, 0x0, 0x0, 0x0,
    0xef, 0xff, 0x60, 0x0, 0x0, 0x0, 0x0, 0x8f,
    0xff, 0xc0, 0x0, 0x0, 0x0, 0x0, 0x2f, 0xff,
    0xf2, 0x0, 0x0, 0x0, 0x0, 0xc, 0xff, 0xf8,
    0x0, 0x0, 0x0, 0x0, 0x6, 0xff, 0xfe, 0x0,
    0x0, 0x0, 0x0, 0x0, 0xff, 0xff, 0x50, 0x0,
    0x0, 0x0, 0x0, 0x9f, 0xff, 0xb0, 0x0, 0x0,
    0x0, 0x0, 0x3f, 0xff, 0xf1, 0x0, 0x0, 0x0,
    0x0, 0xd, 0xff, 0xf7, 0x0, 0x0, 0x0, 0x0,
    0x7, 0xff, 0xfd, 0x0, 0x0, 0x0, 0x0, 0x1,
    0xff, 0xff, 0x40, 0x0, 0x0, 0x0, 0x0, 0xbf,
    0xff, 0xa0, 0x0, 0x0, 0x0, 0x0, 0x4f, 0xff,
    0xf1,

    /* U+005D "]" */
    0x33, 0x33, 0x33, 0x1d, 0xff, 0xff, 0xf8, 0xdf,
    0xff, 0xff, 0x8d, 0xff, 0xff, 0xf8, 0x0, 0xbf,
    0xff, 0x80, 0xb, 0xff, 0xf8, 0x0, 0xbf, 0xff,
    0x80, 0xb, 0xff, 0xf8, 0x0, 0xbf, 0xff, 0x80,
    0xb, 0xff, 0xf8, 0x0, 0xbf, 0xff, 0x80, 0xb,
    0xff, 0xf8, 0x0, 0xbf, 0xff, 0x80, 0xb, 0xff,
    0xf8, 0x0, 0xbf, 0xff, 0x80, 0xb, 0xff, 0xf8,
    0x0, 0xbf, 0xff, 0x80, 0xb, 0xff, 0xf8, 0x0,
    0xbf, 0xff, 0x80, 0xb, 0xff, 0xf8, 0x0, 0xbf,
    0xff, 0x80, 0xb, 0xff, 0xf8, 0x0, 0xbf, 0xff,
    0x80, 0xb, 0xff, 0xf8, 0x0, 0xbf, 0xff, 0x80,
    0xb, 0xff, 0xf8, 0x33, 0xcf, 0xff, 0x8d, 0xff,
    0xff, 0xf8, 0xdf, 0xff, 0xff, 0x8d, 0xff, 0xff,
    0xf8,

    /* U+005E "^" */
    0x0, 0x0, 0x7, 0x88, 0x10, 0x0, 0x0, 0x0,
    0x6, 0xff, 0xf8, 0x0, 0x0, 0x0, 0x0, 0xcf,
    0xff, 0xe0, 0x0, 0x0, 0x0, 0x3f, 0xff, 0xff,
    0x50, 0x0, 0x0, 0xa, 0xff, 0xdf, 0xfc, 0x0,
    0x0, 0x1, 0xff, 0xf2, 0xff, 0xf2, 0x0, 0x0,
    0x7f, 0xfb, 0x9, 0xff, 0x90, 0x0, 0xe, 0xff,
    0x50, 0x3f, 0xff, 0x0, 0x5, 0xff, 0xf0, 0x0,
    0xdf, 0xf6, 0x0, 0xbf, 0xf9, 0x0, 0x7, 0xff,
    0xd0, 0x2f, 0xff, 0x30, 0x0, 0x1f, 0xff, 0x40,

    /* U+005F "_" */
    0x44, 0x44, 0x44, 0x44, 0x44, 0x44, 0x41, 0xff,
    0xff, 0xff, 0xff, 0xff, 0xff, 0xf5, 0xff, 0xff,
    0xff, 0xff, 0xff, 0xff, 0xf5, 0xff, 0xff, 0xff,
    0xff, 0xff, 0xff, 0xf5,

    /* U+0060 "`" */
    0x7, 0x88, 0x84, 0x0, 0x0, 0x5f, 0xff, 0xe1,
    0x0, 0x0, 0x7f, 0xff, 0xa0, 0x0, 0x0, 0x8f,
    0xff, 0x40, 0x0, 0x0, 0xaf, 0xfe, 0x0,

    /* U+0061 "a" */
    0x0, 0x4, 0xad, 0xff, 0xea, 0x40, 0x0, 0x0,
    0x1c, 0xff, 0xff, 0xff, 0xff, 0xa0, 0x0, 0xd,
    0xff, 0xff, 0xff, 0xff, 0xff, 0x90, 0x6, 0xff,
    0xff, 0x62, 0x3a, 0xff, 0xff, 0x10, 0x7c, 0xcc,
    0x80, 0x0, 0xe, 0xff, 0xf5, 0x0, 0x0, 0x0,
    0x0, 0x0, 0xcf, 0xff, 0x60, 0x0, 0x17, 0xbe,
    0xff, 0xff, 0xff, 0xf7, 0x0, 0x5e, 0xff, 0xff,
    0xff, 0xff, 0xff, 0x70, 0x3f, 0xff, 0xfd, 0x87,
    0x7e, 0xff, 0xf7, 0xb, 0xff, 0xfb, 0x0, 0x0,
    0xcf, 0xff, 0x70, 0xef, 0xff, 0x50, 0x0, 0xc,
    0xff, 0xf7, 0xf, 0xff, 0xf5, 0x0, 0x1, 0xef,
    0xff, 0x70, 0xcf, 0xff, 0xe6, 0x47, 0xef, 0xff,
    0xf7, 0x6, 0xff, 0xff, 0xff, 0xff, 0xff, 0xff,
    0x70, 0x9, 0xff, 0xff, 0xff, 0xfd, 0xff, 0xf9,
    0x0, 0x4, 0xbe, 0xfe, 0xa3, 0x5f, 0xff, 0xe0,

    /* U+0062 "b" */
    0x6f, 0xff, 0xd0, 0x0, 0x0, 0x0, 0x0, 0x6,
    0xff, 0xfd, 0x0, 0x0, 0x0, 0x0, 0x0, 0x6f,
    0xff, 0xd0, 0x0, 0x0, 0x0, 0x0, 0x6, 0xff,
    0xfd, 0x0, 0x0, 0x0, 0x0, 0x0, 0x6f, 0xff,
    0xd0, 0x0, 0x0, 0x0, 0x0, 0x6, 0xff, 0xfd,
    0x0, 0x0, 0x0, 0x0, 0x0, 0x6f, 0xff, 0xd0,
    0x8d, 0xfe, 0xb5, 0x0, 0x6, 0xff, 0xfe, 0xdf,
    0xff, 0xff, 0xfa, 0x0, 0x6f, 0xff, 0xff, 0xff,
    0xff, 0xff, 0xf8, 0x6, 0xff, 0xff, 0xf9, 0x68,
    0xef, 0xff, 0xf1, 0x6f, 0xff, 0xf3, 0x0, 0x2,
    0xff, 0xff, 0x76, 0xff, 0xfd, 0x0, 0x0, 0xa,
    0xff, 0xfa, 0x6f, 0xff, 0xd0, 0x0, 0x0, 0x6f,
    0xff, 0xd6, 0xff, 0xfd, 0x0, 0x0, 0x5, 0xff,
    0xfe, 0x6f, 0xff, 0xd0, 0x0, 0x0, 0x5f, 0xff,
    0xe6, 0xff, 0xfd, 0x0, 0x0, 0x6, 0xff, 0xfd,
    0x6f, 0xff, 0xd0, 0x0, 0x0, 0x9f, 0xff, 0xa6,
    0xff, 0xff, 0x30, 0x0, 0x2f, 0xff, 0xf7, 0x6f,
    0xff, 0xff, 0x96, 0x8e, 0xff, 0xff, 0x16, 0xff,
    0xff, 0xff, 0xff, 0xff, 0xff, 0x80, 0x6f, 0xff,
    0xbe, 0xff, 0xff, 0xff, 0xa0, 0x6, 0xff, 0xf7,
    0x18, 0xdf, 0xeb, 0x50, 0x0,

    /* U+0063 "c" */
    0x0, 0x0, 0x18, 0xce, 0xfe, 0xb5, 0x0, 0x0,
    0x0, 0x6f, 0xff, 0xff, 0xff, 0xfb, 0x0, 0x0,
    0x5f, 0xff, 0xff, 0xff, 0xff, 0xfb, 0x0, 0x1f,
    0xff, 0xfd, 0x77, 0xbf, 0xff, 0xf5, 0x7, 0xff,
    0xfe, 0x10, 0x0, 0xaf, 0xff, 0xa0, 0xcf, 0xff,
    0x70, 0x0, 0x3, 0xff, 0xfc, 0xf, 0xff, 0xf4,
    0x0, 0x0, 0x1, 0x11, 0x0, 0xff, 0xff, 0x30,
    0x0, 0x0, 0x0, 0x0, 0xf, 0xff, 0xf3, 0x0,
    0x0, 0x0, 0x0, 0x0, 0xef, 0xff, 0x40, 0x0,
    0x0, 0x0, 0x0, 0xc, 0xff, 0xf7, 0x0, 0x0,
    0x1a, 0xaa, 0x80, 0x7f, 0xff, 0xd0, 0x0, 0x8,
    0xff, 0xfa, 0x1, 0xff, 0xff, 0xd7, 0x6a, 0xff,
    0xff, 0x50, 0x5, 0xff, 0xff, 0xff, 0xff, 0xff,
    0xb0, 0x0, 0x6, 0xff, 0xff, 0xff, 0xff, 0xb0,
    0x0, 0x0, 0x1, 0x8c, 0xff, 0xea, 0x40, 0x0,

    /* U+0064 "d" */
    0x0, 0x0, 0x0, 0x0, 0x0, 0xf, 0xff, 0xf4,
    0x0, 0x0, 0x0, 0x0, 0x0, 0xf, 0xff, 0xf4,
    0x0, 0x0, 0x0, 0x0, 0x0, 0xf, 0xff, 0xf4,
    0x0, 0x0, 0x0, 0x0, 0x0, 0xf, 0xff, 0xf4,
    0x0, 0x0, 0x0, 0x0, 0x0, 0xf, 0xff, 0xf4,
    0x0, 0x0, 0x0, 0x0, 0x0, 0xf, 0xff, 0xf4,
    0x0, 0x0, 0x6c, 0xef, 0xd7, 0xf, 0xff, 0xf4,
    0x0, 0xb, 0xff, 0xff, 0xff, 0xbf, 0xff, 0xf4,
    0x0, 0x9f, 0xff, 0xff, 0xff, 0xff, 0xff, 0xf4,
    0x2, 0xff, 0xff, 0xe8, 0x7a, 0xff, 0xff, 0xf4,
    0x8, 0xff, 0xff, 0x20, 0x0, 0x5f, 0xff, 0xf4,
    0xc, 0xff, 0xf9, 0x0, 0x0, 0xf, 0xff, 0xf4,
    0xf, 0xff, 0xf5, 0x0, 0x0, 0xf, 0xff, 0xf4,
    0xf, 0xff, 0xf3, 0x0, 0x0, 0xf, 0xff, 0xf4,
    0xf, 0xff, 0xf3, 0x0, 0x0, 0xf, 0xff, 0xf4,
    0xe, 0xff, 0xf4, 0x0, 0x0, 0xf, 0xff, 0xf4,
    0xc, 0xff, 0xf8, 0x0, 0x0, 0xf, 0xff, 0xf4,
    0x8, 0xff, 0xfe, 0x10, 0x0, 0x5f, 0xff, 0xf4,
    0x2, 0xff, 0xff, 0xe8, 0x7a, 0xff, 0xff, 0xf4,
    0x0, 0x9f, 0xff, 0xff, 0xff, 0xff, 0xff, 0xf4,
    0x0, 0xa, 0xff, 0xff, 0xff, 0xcc, 0xff, 0xf4,
    0x0, 0x0, 0x5c, 0xff, 0xd7, 0xa, 0xff, 0xf4,

    /* U+0065 "e" */
    0x0, 0x0, 0x6b, 0xef, 0xeb, 0x60, 0x0, 0x0,
    0x2, 0xdf, 0xff, 0xff, 0xff, 0xd2, 0x0, 0x2,
    0xff, 0xff, 0xff, 0xff, 0xff, 0xe1, 0x0, 0xcf,
    0xff, 0xf8, 0x69, 0xff, 0xff, 0x90, 0x4f, 0xff,
    0xf2, 0x0, 0x2, 0xff, 0xff, 0x9, 0xff, 0xf9,
    0x0, 0x0, 0xc, 0xff, 0xf4, 0xcf, 0xff, 0xed,
    0xdd, 0xdd, 0xff, 0xff, 0x6e, 0xff, 0xff, 0xff,
    0xff, 0xff, 0xff, 0xf6, 0xef, 0xff, 0xff, 0xff,
    0xff, 0xff, 0xff, 0x7d, 0xff, 0xf7, 0x0, 0x0,
    0x0, 0x0, 0x0, 0xaf, 0xff, 0xc0, 0x0, 0x0,
    0x0, 0x0, 0x5, 0xff, 0xff, 0x80, 0x0, 0x0,
    0xaa, 0x0, 0xd, 0xff, 0xff, 0xc8, 0x69, 0xef,
    0xf8, 0x0, 0x2f, 0xff, 0xff, 0xff, 0xff, 0xff,
    0xc0, 0x0, 0x2d, 0xff, 0xff, 0xff, 0xff, 0xa0,
    0x0, 0x0, 0x5, 0xae, 0xff, 0xd9, 0x30, 0x0,

    /* U+0066 "f" */
    0x0, 0x0, 0x0, 0x25, 0x65, 0x20, 0x0, 0x3,
    0xcf, 0xff, 0xfb, 0x0, 0x3, 0xff, 0xff, 0xff,
    0xb0, 0x0, 0xcf, 0xff, 0xff, 0xfb, 0x0, 0x1f,
    0xff, 0xfa, 0x20, 0x0, 0x3, 0xff, 0xff, 0x10,
    0x0, 0x0, 0x3f, 0xff, 0xf0, 0x0, 0x9, 0xff,
    0xff, 0xff, 0xff, 0xf3, 0x9f, 0xff, 0xff, 0xff,
    0xff, 0x39, 0xff, 0xff, 0xff, 0xff, 0xf3, 0x1,
    0x4f, 0xff, 0xf1, 0x11, 0x0, 0x3, 0xff, 0xff,
    0x0, 0x0, 0x0, 0x3f, 0xff, 0xf0, 0x0, 0x0,
    0x3, 0xff, 0xff, 0x0, 0x0, 0x0, 0x3f, 0xff,
    0xf0, 0x0, 0x0, 0x3, 0xff, 0xff, 0x0, 0x0,
    0x0, 0x3f, 0xff, 0xf0, 0x0, 0x0, 0x3, 0xff,
    0xff, 0x0, 0x0, 0x0, 0x3f, 0xff, 0xf0, 0x0,
    0x0, 0x3, 0xff, 0xff, 0x0, 0x0, 0x0, 0x3f,
    0xff, 0xf0, 0x0, 0x0, 0x3, 0xff, 0xff, 0x0,
    0x0, 0x0, 0x3f, 0xff, 0xf0, 0x0, 0x0,

    /* U+0067 "g" */
    0x0, 0x4, 0xbe, 0xfe, 0xa3, 0x6f, 0xff, 0x80,
    0x9, 0xff, 0xff, 0xff, 0xfc, 0xff, 0xf8, 0x7,
    0xff, 0xff, 0xff, 0xff, 0xff, 0xff, 0x81, 0xff,
    0xff, 0xf9, 0x68, 0xef, 0xff, 0xf8, 0x7f, 0xff,
    0xf3, 0x0, 0x1, 0xef, 0xff, 0x8b, 0xff, 0xfa,
    0x0, 0x0, 0xc, 0xff, 0xf8, 0xef, 0xff, 0x60,
    0x0, 0x0, 0xcf, 0xff, 0x8f, 0xff, 0xf4, 0x0,
    0x0, 0xc, 0xff, 0xf8, 0xff, 0xff, 0x40, 0x0,
    0x0, 0xcf, 0xff, 0x8e, 0xff, 0xf6, 0x0, 0x0,
    0xc, 0xff, 0xf8, 0xbf, 0xff, 0xa0, 0x0, 0x0,
    0xcf, 0xff, 0x87, 0xff, 0xff, 0x30, 0x0, 0x1e,
    0xff, 0xf8, 0x1f, 0xff, 0xff, 0x96, 0x8e, 0xff,
    0xff, 0x80, 0x6f, 0xff, 0xff, 0xff, 0xff, 0xff,
    0xf8, 0x0, 0x8f, 0xff, 0xff, 0xfe, 0xdf, 0xff,
    0x80, 0x0, 0x4b, 0xef, 0xe9, 0x1c, 0xff, 0xf7,
    0x0, 0x0, 0x0, 0x0, 0x0, 0xff, 0xff, 0x50,
    0x9, 0x70, 0x0, 0x0, 0x8f, 0xff, 0xf2, 0x4,
    0xff, 0xc6, 0x46, 0xbf, 0xff, 0xfb, 0x0, 0xcf,
    0xff, 0xff, 0xff, 0xff, 0xfe, 0x10, 0x2, 0xcf,
    0xff, 0xff, 0xff, 0xfc, 0x20, 0x0, 0x0, 0x4a,
    0xdf, 0xfd, 0xa5, 0x0, 0x0,

    /* U+0068 "h" */
    0x7f, 0xff, 0xc0, 0x0, 0x0, 0x0, 0x0, 0x7,
    0xff, 0xfc, 0x0, 0x0, 0x0, 0x0, 0x0, 0x7f,
    0xff, 0xc0, 0x0, 0x0, 0x0, 0x0, 0x7, 0xff,
    0xfc, 0x0, 0x0, 0x0, 0x0, 0x0, 0x7f, 0xff,
    0xc0, 0x0, 0x0, 0x0, 0x0, 0x7, 0xff, 0xfc,
    0x0, 0x0, 0x0, 0x0, 0x0, 0x7f, 0xff, 0xc0,
    0x6c, 0xff, 0xd7, 0x0, 0x7, 0xff, 0xfc, 0xbf,
    0xff, 0xff, 0xfc, 0x0, 0x7f, 0xff, 0xff, 0xff,
    0xff, 0xff, 0xf8, 0x7, 0xff, 0xff, 0xe8, 0x79,
    0xff, 0xff, 0xe0, 0x7f, 0xff, 0xe1, 0x0, 0x6,
    0xff, 0xff, 0x17, 0xff, 0xfc, 0x0, 0x0, 0x1f,
    0xff, 0xf2, 0x7f, 0xff, 0xc0, 0x0, 0x0, 0xff,
    0xff, 0x37, 0xff, 0xfc, 0x0, 0x0, 0xf, 0xff,
    0xf3, 0x7f, 0xff, 0xc0, 0x0, 0x0, 0xff, 0xff,
    0x37, 0xff, 0xfc, 0x0, 0x0, 0xf, 0xff, 0xf3,
    0x7f, 0xff, 0xc0, 0x0, 0x0, 0xff, 0xff, 0x37,
    0xff, 0xfc, 0x0, 0x0, 0xf, 0xff, 0xf3, 0x7f,
    0xff, 0xc0, 0x0, 0x0, 0xff, 0xff, 0x37, 0xff,
    0xfc, 0x0, 0x0, 0xf, 0xff, 0xf3, 0x7f, 0xff,
    0xc0, 0x0, 0x0, 0xff, 0xff, 0x37, 0xff, 0xfc,
    0x0, 0x0, 0xf, 0xff, 0xf3,

    /* U+0069 "i" */
    0x8, 0xee, 0x70, 0x4f, 0xff, 0xf3, 0x5f, 0xff,
    0xf4, 0xd, 0xff, 0xc0, 0x0, 0x44, 0x0, 0x0,
    0x0, 0x0, 0x2f, 0xff, 0xf1, 0x2f, 0xff, 0xf1,
    0x2f, 0xff, 0xf1, 0x2f, 0xff, 0xf1, 0x2f, 0xff,
    0xf1, 0x2f, 0xff, 0xf1, 0x2f, 0xff, 0xf1, 0x2f,
    0xff, 0xf1, 0x2f, 0xff, 0xf1, 0x2f, 0xff, 0xf1,
    0x2f, 0xff, 0xf1, 0x2f, 0xff, 0xf1, 0x2f, 0xff,
    0xf1, 0x2f, 0xff, 0xf1, 0x2f, 0xff, 0xf1, 0x2f,
    0xff, 0xf1,

    /* U+006A "j" */
    0x0, 0x0, 0x9e, 0xe6, 0x0, 0x0, 0x5f, 0xff,
    0xf2, 0x0, 0x6, 0xff, 0xff, 0x30, 0x0, 0x1d,
    0xff, 0xb0, 0x0, 0x0, 0x4, 0x30, 0x0, 0x0,
    0x0, 0x0, 0x0, 0x0, 0x2, 0xff, 0xff, 0x10,
    0x0, 0x2f, 0xff, 0xf1, 0x0, 0x2, 0xff, 0xff,
    0x10, 0x0, 0x2f, 0xff, 0xf1, 0x0, 0x2, 0xff,
    0xff, 0x10, 0x0, 0x2f, 0xff, 0xf1, 0x0, 0x2,
    0xff, 0xff, 0x10, 0x0, 0x2f, 0xff, 0xf1, 0x0,
    0x2, 0xff, 0xff, 0x10, 0x0, 0x2f, 0xff, 0xf1,
    0x0, 0x2, 0xff, 0xff, 0x10, 0x0, 0x2f, 0xff,
    0xf1, 0x0, 0x2, 0xff, 0xff, 0x10, 0x0, 0x2f,
    0xff, 0xf1, 0x0, 0x2, 0xff, 0xff, 0x10, 0x0,
    0x2f, 0xff, 0xf1, 0x0, 0x2, 0xff, 0xff, 0x10,
    0x0, 0x5f, 0xff, 0xf0, 0x37, 0x8e, 0xff, 0xfd,
    0x6, 0xff, 0xff, 0xff, 0x70, 0x6f, 0xff, 0xff,
    0xb0, 0x4, 0xdf, 0xfc, 0x60, 0x0,

    /* U+006B "k" */
    0x6f, 0xff, 0xd0, 0x0, 0x0, 0x0, 0x0, 0x0,
    0x6f, 0xff, 0xd0, 0x0, 0x0, 0x0, 0x0, 0x0,
    0x6f, 0xff, 0xd0, 0x0, 0x0, 0x0, 0x0, 0x0,
    0x6f, 0xff, 0xd0, 0x0, 0x0, 0x0, 0x0, 0x0,
    0x6f, 0xff, 0xd0, 0x0, 0x0, 0x0, 0x0, 0x0,
    0x6f, 0xff, 0xd0, 0x0, 0x0, 0x0, 0x0, 0x0,
    0x6f, 0xff, 0xd0, 0x0, 0xa, 0xff, 0xff, 0x60,
    0x6f, 0xff, 0xd0, 0x0, 0x8f, 0xff, 0xf8, 0x0,
    0x6f, 0xff, 0xd0, 0x5, 0xff, 0xff, 0xa0, 0x0,
    0x6f, 0xff, 0xd0, 0x3f, 0xff, 0xfc, 0x0, 0x0,
    0x6f, 0xff, 0xd2, 0xef, 0xff, 0xd1, 0x0, 0x0,
    0x6f, 0xff, 0xed, 0xff, 0xfe, 0x20, 0x0, 0x0,
    0x6f, 0xff, 0xff, 0xff, 0xf5, 0x0, 0x0, 0x0,
    0x6f, 0xff, 0xff, 0xff, 0xfa, 0x0, 0x0, 0x0,
    0x6f, 0xff, 0xff, 0xff, 0xff, 0x40, 0x0, 0x0,
    0x6f, 0xff, 0xff, 0xef, 0xff, 0xe1, 0x0, 0x0,
    0x6f, 0xff, 0xf7, 0x1f, 0xff, 0xfa, 0x0, 0x0,
    0x6f, 0xff, 0xd0, 0x6, 0xff, 0xff, 0x40, 0x0,
    0x6f, 0xff, 0xd0, 0x0, 0xcf, 0xff, 0xe1, 0x0,
    0x6f, 0xff, 0xd0, 0x0, 0x2f, 0xff, 0xfa, 0x0,
    0x6f, 0xff, 0xd0, 0x0, 0x8, 0xff, 0xff, 0x40,
    0x6f, 0xff, 0xd0, 0x0, 0x0, 0xdf, 0xff, 0xe1,

    /* U+006C "l" */
    0x2f, 0xff, 0xf1, 0x2f, 0xff, 0xf1, 0x2f, 0xff,
    0xf1, 0x2f, 0xff, 0xf1, 0x2f, 0xff, 0xf1, 0x2f,
    0xff, 0xf1, 0x2f, 0xff, 0xf1, 0x2f, 0xff, 0xf1,
    0x2f, 0xff, 0xf1, 0x2f, 0xff, 0xf1, 0x2f, 0xff,
    0xf1, 0x2f, 0xff, 0xf1, 0x2f, 0xff, 0xf1, 0x2f,
    0xff, 0xf1, 0x2f, 0xff, 0xf1, 0x2f, 0xff, 0xf1,
    0x2f, 0xff, 0xf1, 0x2f, 0xff, 0xf1, 0x2f, 0xff,
    0xf1, 0x2f, 0xff, 0xf1, 0x2f, 0xff, 0xf1, 0x2f,
    0xff, 0xf1,

    /* U+006D "m" */
    0x6f, 0xff, 0xa0, 0x6c, 0xef, 0xd8, 0x10, 0x6,
    0xce, 0xfd, 0x91, 0x0, 0x6f, 0xff, 0xcb, 0xff,
    0xff, 0xff, 0xd1, 0xbf, 0xff, 0xff, 0xfe, 0x20,
    0x6f, 0xff, 0xff, 0xff, 0xff, 0xff, 0xfe, 0xff,
    0xff, 0xff, 0xff, 0xa0, 0x6f, 0xff, 0xff, 0x97,
    0x9f, 0xff, 0xff, 0xfa, 0x78, 0xef, 0xff, 0xf0,
    0x6f, 0xff, 0xf3, 0x0, 0x7, 0xff, 0xff, 0x80,
    0x0, 0x3f, 0xff, 0xf3, 0x6f, 0xff, 0xd0, 0x0,
    0x3, 0xff, 0xff, 0x10, 0x0, 0xf, 0xff, 0xf5,
    0x6f, 0xff, 0xd0, 0x0, 0x2, 0xff, 0xff, 0x10,
    0x0, 0xe, 0xff, 0xf5, 0x6f, 0xff, 0xd0, 0x0,
    0x2, 0xff, 0xff, 0x10, 0x0, 0xe, 0xff, 0xf5,
    0x6f, 0xff, 0xd0, 0x0, 0x2, 0xff, 0xff, 0x10,
    0x0, 0xe, 0xff, 0xf5, 0x6f, 0xff, 0xd0, 0x0,
    0x2, 0xff, 0xff, 0x10, 0x0, 0xe, 0xff, 0xf5,
    0x6f, 0xff, 0xd0, 0x0, 0x2, 0xff, 0xff, 0x10,
    0x0, 0xe, 0xff, 0xf5, 0x6f, 0xff, 0xd0, 0x0,
    0x2, 0xff, 0xff, 0x10, 0x0, 0xe, 0xff, 0xf5,
    0x6f, 0xff, 0xd0, 0x0, 0x2, 0xff, 0xff, 0x10,
    0x0, 0xe, 0xff, 0xf5, 0x6f, 0xff, 0xd0, 0x0,
    0x2, 0xff, 0xff, 0x10, 0x0, 0xe, 0xff, 0xf5,
    0x6f, 0xff, 0xd0, 0x0, 0x2, 0xff, 0xff, 0x10,
    0x0, 0xe, 0xff, 0xf5, 0x6f, 0xff, 0xd0, 0x0,
    0x2, 0xff, 0xff, 0x10, 0x0, 0xe, 0xff, 0xf5,

    /* U+006E "n" */
    0x7f, 0xff, 0x80, 0x6c, 0xef, 0xd8, 0x10, 0x7,
    0xff, 0xfa, 0xcf, 0xff, 0xff, 0xfd, 0x10, 0x7f,
    0xff, 0xff, 0xff, 0xff, 0xff, 0xf8, 0x7, 0xff,
    0xff, 0xf9, 0x79, 0xff, 0xff, 0xe0, 0x7f, 0xff,
    0xf2, 0x0, 0x5, 0xff, 0xff, 0x17, 0xff, 0xfc,
    0x0, 0x0, 0x1f, 0xff, 0xf3, 0x7f, 0xff, 0xc0,
    0x0, 0x0, 0xff, 0xff, 0x37, 0xff, 0xfc, 0x0,
    0x0, 0xf, 0xff, 0xf3, 0x7f, 0xff, 0xc0, 0x0,
    0x0, 0xff, 0xff, 0x37, 0xff, 0xfc, 0x0, 0x0,
    0xf, 0xff, 0xf3, 0x7f, 0xff, 0xc0, 0x0, 0x0,
    0xff, 0xff, 0x37, 0xff, 0xfc, 0x0, 0x0, 0xf,
    0xff, 0xf3, 0x7f, 0xff, 0xc0, 0x0, 0x0, 0xff,
    0xff, 0x37, 0xff, 0xfc, 0x0, 0x0, 0xf, 0xff,
    0xf3, 0x7f, 0xff, 0xc0, 0x0, 0x0, 0xff, 0xff,
    0x37, 0xff, 0xfc, 0x0, 0x0, 0xf, 0xff, 0xf3,

    /* U+006F "o" */
    0x0, 0x0, 0x6, 0xce, 0xfe, 0xb7, 0x0, 0x0,
    0x0, 0x4, 0xef, 0xff, 0xff, 0xff, 0xe3, 0x0,
    0x0, 0x4f, 0xff, 0xff, 0xff, 0xff, 0xff, 0x30,
    0x0, 0xef, 0xff, 0xf8, 0x69, 0xff, 0xff, 0xd0,
    0x6, 0xff, 0xff, 0x20, 0x0, 0x3f, 0xff, 0xf6,
    0xb, 0xff, 0xf9, 0x0, 0x0, 0xb, 0xff, 0xfb,
    0xe, 0xff, 0xf5, 0x0, 0x0, 0x6, 0xff, 0xfd,
    0xf, 0xff, 0xf3, 0x0, 0x0, 0x4, 0xff, 0xff,
    0xf, 0xff, 0xf3, 0x0, 0x0, 0x4, 0xff, 0xff,
    0xe, 0xff, 0xf5, 0x0, 0x0, 0x6, 0xff, 0xfe,
    0xb, 0xff, 0xf9, 0x0, 0x0, 0xa, 0xff, 0xfa,
    0x6, 0xff, 0xff, 0x20, 0x0, 0x3f, 0xff, 0xf6,
    0x0, 0xef, 0xff, 0xf8, 0x69, 0xff, 0xff, 0xe0,
    0x0, 0x4f, 0xff, 0xff, 0xff, 0xff, 0xff, 0x30,
    0x0, 0x4, 0xef, 0xff, 0xff, 0xff, 0xe4, 0x0,
    0x0, 0x0, 0x17, 0xce, 0xfe, 0xc7, 0x0, 0x0,

    /* U+0070 "p" */
    0x6f, 0xff, 0x91, 0x8d, 0xfe, 0xb5, 0x0, 0x6,
    0xff, 0xfd, 0xef, 0xff, 0xff, 0xfa, 0x0, 0x6f,
    0xff, 0xff, 0xff, 0xff, 0xff, 0xf8, 0x6, 0xff,
    0xff, 0xf9, 0x69, 0xff, 0xff, 0xf1, 0x6f, 0xff,
    0xf2, 0x0, 0x3, 0xff, 0xff, 0x66, 0xff, 0xfd,
    0x0, 0x0, 0xb, 0xff, 0xfa, 0x6f, 0xff, 0xd0,
    0x0, 0x0, 0x7f, 0xff, 0xc6, 0xff, 0xfd, 0x0,
    0x0, 0x6, 0xff, 0xfd, 0x6f, 0xff, 0xd0, 0x0,
    0x0, 0x5f, 0xff, 0xd6, 0xff, 0xfd, 0x0, 0x0,
    0x7, 0xff, 0xfc, 0x6f, 0xff, 0xd0, 0x0, 0x0,
    0xbf, 0xff, 0xa6, 0xff, 0xff, 0x20, 0x0, 0x3f,
    0xff, 0xf6, 0x6f, 0xff, 0xff, 0x96, 0x8f, 0xff,
    0xff, 0x6, 0xff, 0xff, 0xff, 0xff, 0xff, 0xff,
    0x70, 0x6f, 0xff, 0xed, 0xff, 0xff, 0xff, 0x90,
    0x6, 0xff, 0xfd, 0x8, 0xdf, 0xeb, 0x40, 0x0,
    0x6f, 0xff, 0xd0, 0x0, 0x0, 0x0, 0x0, 0x6,
    0xff, 0xfd, 0x0, 0x0, 0x0, 0x0, 0x0, 0x6f,
    0xff, 0xd0, 0x0, 0x0, 0x0, 0x0, 0x6, 0xff,
    0xfd, 0x0, 0x0, 0x0, 0x0, 0x0, 0x6f, 0xff,
    0xd0, 0x0, 0x0, 0x0, 0x0, 0x6, 0xff, 0xfd,
    0x0, 0x0, 0x0, 0x0, 0x0,

    /* U+0071 "q" */
    0x0, 0x0, 0x6c, 0xef, 0xd8, 0x8, 0xff, 0xf4,
    0x0, 0xb, 0xff, 0xff, 0xff, 0xdc, 0xff, 0xf4,
    0x0, 0x9f, 0xff, 0xff, 0xff, 0xff, 0xff, 0xf4,
    0x3, 0xff, 0xff, 0xe8, 0x69, 0xff, 0xff, 0xf4,
    0x9, 0xff, 0xff, 0x20, 0x0, 0x4f, 0xff, 0xf4,
    0xc, 0xff, 0xf8, 0x0, 0x0, 0xf, 0xff, 0xf4,
    0xf, 0xff, 0xf5, 0x0, 0x0, 0xf, 0xff, 0xf4,
    0xf, 0xff, 0xf3, 0x0, 0x0, 0xf, 0xff, 0xf4,
    0xf, 0xff, 0xf3, 0x0, 0x0, 0xf, 0xff, 0xf4,
    0xe, 0xff, 0xf4, 0x0, 0x0, 0xf, 0xff, 0xf4,
    0xc, 0xff, 0xf8, 0x0, 0x0, 0xf, 0xff, 0xf4,
    0x8, 0xff, 0xff, 0x10, 0x0, 0x4f, 0xff, 0xf4,
    0x2, 0xff, 0xff, 0xe8, 0x69, 0xff, 0xff, 0xf4,
    0x0, 0x9f, 0xff, 0xff, 0xff, 0xff, 0xff, 0xf4,
    0x0, 0xa, 0xff, 0xff, 0xff, 0xcf, 0xff, 0xf4,
    0x0, 0x0, 0x5c, 0xff, 0xd7, 0xf, 0xff, 0xf4,
    0x0, 0x0, 0x0, 0x0, 0x0, 0xf, 0xff, 0xf4,
    0x0, 0x0, 0x0, 0x0, 0x0, 0xf, 0xff, 0xf4,
    0x0, 0x0, 0x0, 0x0, 0x0, 0xf, 0xff, 0xf4,
    0x0, 0x0, 0x0, 0x0, 0x0, 0xf, 0xff, 0xf4,
    0x0, 0x0, 0x0, 0x0, 0x0, 0xf, 0xff, 0xf4,
    0x0, 0x0, 0x0, 0x0, 0x0, 0xf, 0xff, 0xf4,

    /* U+0072 "r" */
    0x6f, 0xff, 0xa0, 0x9e, 0xf9, 0x6f, 0xff, 0xcc,
    0xff, 0xf9, 0x6f, 0xff, 0xff, 0xff, 0xf8, 0x6f,
    0xff, 0xff, 0xff, 0xf8, 0x6f, 0xff, 0xfd, 0x52,
    0x21, 0x6f, 0xff, 0xf1, 0x0, 0x0, 0x6f, 0xff,
    0xd0, 0x0, 0x0, 0x6f, 0xff, 0xd0, 0x0, 0x0,
    0x6f, 0xff, 0xd0, 0x0, 0x0, 0x6f, 0xff, 0xd0,
    0x0, 0x0, 0x6f, 0xff, 0xd0, 0x0, 0x0, 0x6f,
    0xff, 0xd0, 0x0, 0x0, 0x6f, 0xff, 0xd0, 0x0,
    0x0, 0x6f, 0xff, 0xd0, 0x0, 0x0, 0x6f, 0xff,
    0xd0, 0x0, 0x0, 0x6f, 0xff, 0xd0, 0x0, 0x0,

    /* U+0073 "s" */
    0x0, 0x0, 0x6b, 0xef, 0xfd, 0x93, 0x0, 0x0,
    0x2, 0xdf, 0xff, 0xff, 0xff, 0xf8, 0x0, 0x1,
    0xef, 0xff, 0xff, 0xff, 0xff, 0xf7, 0x0, 0x7f,
    0xff, 0xd3, 0x1, 0xaf, 0xff, 0xf0, 0xa, 0xff,
    0xf7, 0x0, 0x1, 0xff, 0xff, 0x30, 0x9f, 0xff,
    0xc1, 0x0, 0x0, 0x0, 0x0, 0x3, 0xff, 0xff,
    0xfb, 0x74, 0x0, 0x0, 0x0, 0x7, 0xff, 0xff,
    0xff, 0xff, 0x91, 0x0, 0x0, 0x3, 0xbf, 0xff,
    0xff, 0xff, 0xe3, 0x0, 0x0, 0x0, 0x15, 0x9d,
    0xff, 0xff, 0xd0, 0x3, 0x33, 0x30, 0x0, 0x5,
    0xff, 0xff, 0x30, 0xff, 0xff, 0x0, 0x0, 0xd,
    0xff, 0xf4, 0xc, 0xff, 0xfb, 0x30, 0x17, 0xff,
    0xff, 0x20, 0x3f, 0xff, 0xff, 0xff, 0xff, 0xff,
    0xa0, 0x0, 0x3e, 0xff, 0xff, 0xff, 0xff, 0xa0,
    0x0, 0x0, 0x6, 0xbe, 0xff, 0xd9, 0x30, 0x0,

    /* U+0074 "t" */
    0x0, 0x8f, 0xff, 0xb0, 0x0, 0x0, 0x8f, 0xff,
    0xb0, 0x0, 0x0, 0x8f, 0xff, 0xb0, 0x0, 0x0,
    0x8f, 0xff, 0xb0, 0x0, 0xdf, 0xff, 0xff, 0xff,
    0xf6, 0xdf, 0xff, 0xff, 0xff, 0xf6, 0xdf, 0xff,
    0xff, 0xff, 0xf6, 0x11, 0x9f, 0xff, 0xb1, 0x10,
    0x0, 0x8f, 0xff, 0xb0, 0x0, 0x0, 0x8f, 0xff,
    0xb0, 0x0, 0x0, 0x8f, 0xff, 0xb0, 0x0, 0x0,
    0x8f, 0xff, 0xb0, 0x0, 0x0, 0x8f, 0xff, 0xb0,
    0x0, 0x0, 0x8f, 0xff, 0xb0, 0x0, 0x0, 0x8f,
    0xff, 0xb0, 0x0, 0x0, 0x8f, 0xff, 0xc0, 0x0,
    0x0, 0x7f, 0xff, 0xfa, 0x74, 0x0, 0x3f, 0xff,
    0xff, 0xf9, 0x0, 0xa, 0xff, 0xff, 0xf9, 0x0,
    0x0, 0x7d, 0xff, 0xd6,

    /* U+0075 "u" */
    0x7f, 0xff, 0xc0, 0x0, 0x0, 0xff, 0xff, 0x37,
    0xff, 0xfc, 0x0, 0x0, 0xf, 0xff, 0xf3, 0x7f,
    0xff, 0xc0, 0x0, 0x0, 0xff, 0xff, 0x37, 0xff,
    0xfc, 0x0, 0x0, 0xf, 0xff, 0xf3, 0x7f, 0xff,
    0xc0, 0x0, 0x0, 0xff, 0xff, 0x37, 0xff, 0xfc,
    0x0, 0x0, 0xf, 0xff, 0xf3, 0x7f, 0xff, 0xc0,
    0x0, 0x0, 0xff, 0xff, 0x37, 0xff, 0xfc, 0x0,
    0x0, 0xf, 0xff, 0xf3, 0x7f, 0xff, 0xc0, 0x0,
    0x0, 0xff, 0xff, 0x37, 0xff, 0xfc, 0x0, 0x0,
    0xf, 0xff, 0xf3, 0x7f, 0xff, 0xc0, 0x0, 0x0,
    0xff, 0xff, 0x35, 0xff, 0xff, 0x10, 0x0, 0x5f,
    0xff, 0xf3, 0x2f, 0xff, 0xfd, 0x77, 0xaf, 0xff,
    0xff, 0x30, 0xcf, 0xff, 0xff, 0xff, 0xff, 0xff,
    0xf3, 0x2, 0xef, 0xff, 0xff, 0xfd, 0xef, 0xff,
    0x30, 0x1, 0x9d, 0xff, 0xc7, 0xc, 0xff, 0xf3,

    /* U+0076 "v" */
    0xaf, 0xff, 0xb0, 0x0, 0x0, 0xaf, 0xff, 0xc5,
    0xff, 0xff, 0x0, 0x0, 0xe, 0xff, 0xf6, 0xf,
    0xff, 0xf4, 0x0, 0x3, 0xff, 0xff, 0x10, 0xaf,
    0xff, 0x90, 0x0, 0x7f, 0xff, 0xc0, 0x5, 0xff,
    0xfd, 0x0, 0xb, 0xff, 0xf6, 0x0, 0xf, 0xff,
    0xf2, 0x0, 0xff, 0xff, 0x10, 0x0, 0xaf, 0xff,
    0x60, 0x4f, 0xff, 0xb0, 0x0, 0x4, 0xff, 0xfb,
    0x9, 0xff, 0xf6, 0x0, 0x0, 0xf, 0xff, 0xf0,
    0xdf, 0xff, 0x10, 0x0, 0x0, 0xaf, 0xff, 0x6f,
    0xff, 0xb0, 0x0, 0x0, 0x4, 0xff, 0xfe, 0xff,
    0xf6, 0x0, 0x0, 0x0, 0xf, 0xff, 0xff, 0xff,
    0x10, 0x0, 0x0, 0x0, 0xaf, 0xff, 0xff, 0xb0,
    0x0, 0x0, 0x0, 0x4, 0xff, 0xff, 0xf6, 0x0,
    0x0, 0x0, 0x0, 0xf, 0xff, 0xff, 0x10, 0x0,
    0x0, 0x0, 0x0, 0xaf, 0xff, 0xb0, 0x0, 0x0,

    /* U+0077 "w" */
    0x7f, 0xff, 0x90, 0x0, 0xa, 0xff, 0xa0, 0x0,
    0x9, 0xff, 0xf7, 0x3f, 0xff, 0xc0, 0x0, 0xf,
    0xff, 0xf0, 0x0, 0xd, 0xff, 0xf3, 0xf, 0xff,
    0xf0, 0x0, 0x3f, 0xff, 0xf3, 0x0, 0xf, 0xff,
    0xe0, 0xb, 0xff, 0xf3, 0x0, 0x8f, 0xff, 0xf8,
    0x0, 0x3f, 0xff, 0xb0, 0x7, 0xff, 0xf6, 0x0,
    0xdf, 0xff, 0xfd, 0x0, 0x7f, 0xff, 0x70, 0x3,
    0xff, 0xf9, 0x1, 0xff, 0xff, 0xff, 0x10, 0xaf,
    0xff, 0x20, 0x0, 0xff, 0xfd, 0x6, 0xff, 0xdd,
    0xff, 0x60, 0xdf, 0xfe, 0x0, 0x0, 0xbf, 0xff,
    0xa, 0xff, 0x88, 0xff, 0xa1, 0xff, 0xfa, 0x0,
    0x0, 0x7f, 0xff, 0x3f, 0xff, 0x34, 0xff, 0xf4,
    0xff, 0xf6, 0x0, 0x0, 0x3f, 0xff, 0xaf, 0xfe,
    0x0, 0xef, 0xfb, 0xff, 0xf2, 0x0, 0x0, 0xe,
    0xff, 0xff, 0xf9, 0x0, 0xaf, 0xff, 0xff, 0xe0,
    0x0, 0x0, 0xb, 0xff, 0xff, 0xf5, 0x0, 0x5f,
    0xff, 0xff, 0xa0, 0x0, 0x0, 0x6, 0xff, 0xff,
    0xf0, 0x0, 0x1f, 0xff, 0xff, 0x60, 0x0, 0x0,
    0x2, 0xff, 0xff, 0xb0, 0x0, 0xc, 0xff, 0xff,
    0x20, 0x0, 0x0, 0x0, 0xef, 0xff, 0x60, 0x0,
    0x7, 0xff, 0xfe, 0x0, 0x0, 0x0, 0x0, 0xaf,
    0xff, 0x20, 0x0, 0x2, 0xff, 0xfa, 0x0, 0x0,

    /* U+0078 "x" */
    0x3f, 0xff, 0xf5, 0x0, 0x0, 0xef, 0xff, 0x90,
    0xa, 0xff, 0xfd, 0x0, 0x8, 0xff, 0xfe, 0x10,
    0x1, 0xff, 0xff, 0x60, 0x2f, 0xff, 0xf6, 0x0,
    0x0, 0x7f, 0xff, 0xe1, 0xaf, 0xff, 0xd0, 0x0,
    0x0, 0xd, 0xff, 0xfb, 0xff, 0xff, 0x40, 0x0,
    0x0, 0x5, 0xff, 0xff, 0xff, 0xfb, 0x0, 0x0,
    0x0, 0x0, 0xcf, 0xff, 0xff, 0xf2, 0x0, 0x0,
    0x0, 0x0, 0x3f, 0xff, 0xff, 0x80, 0x0, 0x0,
    0x0, 0x0, 0x5f, 0xff, 0xff, 0xb0, 0x0, 0x0,
    0x0, 0x0, 0xef, 0xff, 0xff, 0xf4, 0x0, 0x0,
    0x0, 0x8, 0xff, 0xff, 0xff, 0xfd, 0x0, 0x0,
    0x0, 0x2f, 0xff, 0xf7, 0xff, 0xff, 0x70, 0x0,
    0x0, 0xaf, 0xff, 0xc0, 0x7f, 0xff, 0xf1, 0x0,
    0x3, 0xff, 0xff, 0x40, 0xd, 0xff, 0xf9, 0x0,
    0xc, 0xff, 0xfb, 0x0, 0x5, 0xff, 0xff, 0x30,
    0x6f, 0xff, 0xf2, 0x0, 0x0, 0xcf, 0xff, 0xc0,

    /* U+0079 "y" */
    0xcf, 0xff, 0xb0, 0x0, 0x0, 0xaf, 0xff, 0xd0,
    0x6f, 0xff, 0xf1, 0x0, 0x0, 0xff, 0xff, 0x70,
    0x1f, 0xff, 0xf5, 0x0, 0x4, 0xff, 0xff, 0x20,
    0xb, 0xff, 0xfa, 0x0, 0x9, 0xff, 0xfc, 0x0,
    0x5, 0xff, 0xfe, 0x0, 0xd, 0xff, 0xf6, 0x0,
    0x0, 0xff, 0xff, 0x40, 0x2f, 0xff, 0xf1, 0x0,
    0x0, 0xaf, 0xff, 0x80, 0x7f, 0xff, 0xb0, 0x0,
    0x0, 0x4f, 0xff, 0xd0, 0xcf, 0xff, 0x60, 0x0,
    0x0, 0xe, 0xff, 0xf3, 0xff, 0xff, 0x0, 0x0,
    0x0, 0x9, 0xff, 0xfd, 0xff, 0xfa, 0x0, 0x0,
    0x0, 0x3, 0xff, 0xff, 0xff, 0xf5, 0x0, 0x0,
    0x0, 0x0, 0xef, 0xff, 0xff, 0xf0, 0x0, 0x0,
    0x0, 0x0, 0x8f, 0xff, 0xff, 0x90, 0x0, 0x0,
    0x0, 0x0, 0x3f, 0xff, 0xff, 0x40, 0x0, 0x0,
    0x0, 0x0, 0xd, 0xff, 0xfe, 0x0, 0x0, 0x0,
    0x0, 0x0, 0x8, 0xff, 0xf8, 0x0, 0x0, 0x0,
    0x0, 0x0, 0xb, 0xff, 0xf3, 0x0, 0x0, 0x0,
    0x0, 0x0, 0x3f, 0xff, 0xd0, 0x0, 0x0, 0x0,
    0x1, 0x79, 0xff, 0xff, 0x70, 0x0, 0x0, 0x0,
    0x4, 0xff, 0xff, 0xfe, 0x0, 0x0, 0x0, 0x0,
    0x4, 0xff, 0xff, 0xf4, 0x0, 0x0, 0x0, 0x0,
    0x3, 0xef, 0xea, 0x20, 0x0, 0x0, 0x0, 0x0,

    /* U+007A "z" */
    0xbf, 0xff, 0xff, 0xff, 0xff, 0xff, 0xf0, 0xbf,
    0xff, 0xff, 0xff, 0xff, 0xff, 0xf0, 0xbf, 0xff,
    0xff, 0xff, 0xff, 0xff, 0xe0, 0x46, 0x66, 0x66,
    0x6c, 0xff, 0xff, 0x40, 0x0, 0x0, 0x0, 0x4f,
    0xff, 0xf8, 0x0, 0x0, 0x0, 0x1, 0xef, 0xff,
    0xb0, 0x0, 0x0, 0x0, 0xb, 0xff, 0xfe, 0x10,
    0x0, 0x0, 0x0, 0x8f, 0xff, 0xf4, 0x0, 0x0,
    0x0, 0x4, 0xff, 0xff, 0x80, 0x0, 0x0, 0x0,
    0x1e, 0xff, 0xfc, 0x0, 0x0, 0x0, 0x0, 0xbf,
    0xff, 0xe1, 0x0, 0x0, 0x0, 0x7, 0xff, 0xff,
    0x40, 0x0, 0x0, 0x0, 0x3f, 0xff, 0xfd, 0x66,
    0x66, 0x66, 0x61, 0xdf, 0xff, 0xff, 0xff, 0xff,
    0xff, 0xf3, 0xef, 0xff, 0xff, 0xff, 0xff, 0xff,
    0xf3, 0xef, 0xff, 0xff, 0xff, 0xff, 0xff, 0xf3,

    /* U+007B "{" */
    0x0, 0x0, 0x0, 0x5, 0x60, 0x0, 0x0, 0x3,
    0xdf, 0xf0, 0x0, 0x0, 0x3f, 0xff, 0xf3, 0x0,
    0x0, 0xdf, 0xff, 0x30, 0x0, 0x4, 0xff, 0xf8,
    0x0, 0x0, 0x8, 0xff, 0xf4, 0x0, 0x0, 0xa,
    0xff, 0xf2, 0x0, 0x0, 0xb, 0xff, 0xf2, 0x0,
    0x0, 0xb, 0xff, 0xf2, 0x0, 0x0, 0xb, 0xff,
    0xf1, 0x0, 0x0, 0xb, 0xff, 0xf0, 0x0, 0x0,
    0xe, 0xff, 0xe0, 0x0, 0x2, 0xaf, 0xff, 0x80,
    0x0, 0x4f, 0xff, 0xfc, 0x0, 0x0, 0x4f, 0xff,
    0xd0, 0x0, 0x0, 0x4f, 0xff, 0xfc, 0x0, 0x0,
    0x2, 0xaf, 0xff, 0x80, 0x0, 0x0, 0xe, 0xff,
    0xe0, 0x0, 0x0, 0xc, 0xff, 0xf0, 0x0, 0x0,
    0xb, 0xff, 0xf1, 0x0, 0x0, 0xb, 0xff, 0xf2,
    0x0, 0x0, 0xb, 0xff, 0xf2, 0x0, 0x0, 0xa,
    0xff, 0xf2, 0x0, 0x0, 0x8, 0xff, 0xf4, 0x0,
    0x0, 0x4, 0xff, 0xf9, 0x0, 0x0, 0x0, 0xdf,
    0xff, 0x30, 0x0, 0x0, 0x3f, 0xff, 0xf3, 0x0,
    0x0, 0x3, 0xdf, 0xf0, 0x0, 0x0, 0x0, 0x5,
    0x70,

    /* U+007C "|" */
    0x7f, 0xf1, 0x7f, 0xf1, 0x7f, 0xf1, 0x7f, 0xf1,
    0x7f, 0xf1, 0x7f, 0xf1, 0x7f, 0xf1, 0x7f, 0xf1,
    0x7f, 0xf1, 0x7f, 0xf1, 0x7f, 0xf1, 0x7f, 0xf1,
    0x7f, 0xf1, 0x7f, 0xf1, 0x7f, 0xf1, 0x7f, 0xf1,
    0x7f, 0xf1, 0x7f, 0xf1, 0x7f, 0xf1, 0x7f, 0xf1,
    0x7f, 0xf1, 0x7f, 0xf1, 0x7f, 0xf1, 0x7f, 0xf1,
    0x7f, 0xf1, 0x1, 0x10,

    /* U+007D "}" */
    0x7, 0x40, 0x0, 0x0, 0x0, 0x1f, 0xfc, 0x20,
    0x0, 0x0, 0x5f, 0xff, 0xe2, 0x0, 0x0, 0x5,
    0xff, 0xfc, 0x0, 0x0, 0x0, 0xaf, 0xff, 0x30,
    0x0, 0x0, 0x6f, 0xff, 0x70, 0x0, 0x0, 0x4f,
    0xff, 0x80, 0x0, 0x0, 0x3f, 0xff, 0x90, 0x0,
    0x0, 0x3f, 0xff, 0x90, 0x0, 0x0, 0x3f, 0xff,
    0x90, 0x0, 0x0, 0x2f, 0xff, 0xa0, 0x0, 0x0,
    0xf, 0xff, 0xd0, 0x0, 0x0, 0x9, 0xff, 0xf9,
    0x10, 0x0, 0x0, 0xdf, 0xff, 0xf3, 0x0, 0x0,
    0xd, 0xff, 0xf3, 0x0, 0x0, 0xdf, 0xff, 0xf3,
    0x0, 0x9, 0xff, 0xf9, 0x10, 0x0, 0xf, 0xff,
    0xd0, 0x0, 0x0, 0x2f, 0xff, 0xa0, 0x0, 0x0,
    0x3f, 0xff, 0x90, 0x0, 0x0, 0x3f, 0xff, 0x90,
    0x0, 0x0, 0x3f, 0xff, 0x90, 0x0, 0x0, 0x4f,
    0xff, 0x80, 0x0, 0x0, 0x6f, 0xff, 0x70, 0x0,
    0x0, 0xaf, 0xff, 0x30, 0x0, 0x4, 0xff, 0xfc,
    0x0, 0x0, 0x5f, 0xff, 0xe2, 0x0, 0x0, 0x1f,
    0xfc, 0x20, 0x0, 0x0, 0x8, 0x40, 0x0, 0x0,
    0x0,

    /* U+007E "~" */
    0x0, 0x1, 0x56, 0x40, 0x0, 0x0, 0x0, 0x0,
    0x0, 0x6, 0xff, 0xff, 0xe6, 0x0, 0x0, 0x4f,
    0xfd, 0x5, 0xff, 0xff, 0xff, 0xf9, 0x0, 0xa,
    0xff, 0xc0, 0xef, 0xff, 0xff, 0xff, 0xfd, 0x7a,
    0xff, 0xf8, 0x3f, 0xff, 0x70, 0x3c, 0xff, 0xff,
    0xff, 0xff, 0x16, 0xff, 0xd0, 0x0, 0xa, 0xff,
    0xff, 0xff, 0x50, 0x37, 0x75, 0x0, 0x0, 0x5,
    0xcf, 0xfb, 0x40, 0x0,

    /* U+00B0 "°" */
    0x0, 0x3b, 0xfe, 0x90, 0x0, 0x3f, 0xff, 0xff,
    0xc0, 0xd, 0xfc, 0x35, 0xff, 0x61, 0xff, 0x10,
    0x7, 0xfb, 0x1f, 0xf1, 0x0, 0x7f, 0xb0, 0xdf,
    0xb3, 0x5e, 0xf7, 0x4, 0xff, 0xff, 0xfd, 0x0,
    0x3, 0xbf, 0xe9, 0x10,

    /* U+2022 "•" */
    0x0, 0x0, 0x20, 0x0, 0x0, 0xaf, 0xff, 0x90,
    0x9, 0xff, 0xff, 0xf7, 0xe, 0xff, 0xff, 0xfd,
    0xf, 0xff, 0xff, 0xfe, 0xd, 0xff, 0xff, 0xfc,
    0x7, 0xff, 0xff, 0xf6, 0x0, 0x7d, 0xfd, 0x60
};


/*---------------------
 *  GLYPH DESCRIPTION
 *--------------------*/

static const lv_font_fmt_txt_glyph_dsc_t glyph_dsc[] = {
    {.bitmap_index = 0, .adv_w = 0, .box_w = 0, .box_h = 0, .ofs_x = 0, .ofs_y = 0} /* id = 0 reserved */,
    {.bitmap_index = 0, .adv_w = 120, .box_w = 0, .box_h = 0, .ofs_x = 0, .ofs_y = 0},
    {.bitmap_index = 0, .adv_w = 131, .box_w = 6, .box_h = 21, .ofs_x = 1, .ofs_y = 0},
    {.bitmap_index = 63, .adv_w = 154, .box_w = 9, .box_h = 8, .ofs_x = 0, .ofs_y = 14},
    {.bitmap_index = 99, .adv_w = 286, .box_w = 18, .box_h = 21, .ofs_x = 0, .ofs_y = 0},
    {.bitmap_index = 288, .adv_w = 275, .box_w = 15, .box_h = 28, .ofs_x = 1, .ofs_y = -3},
    {.bitmap_index = 498, .adv_w = 354, .box_w = 20, .box_h = 21, .ofs_x = 1, .ofs_y = 0},
    {.bitmap_index = 708, .adv_w = 315, .box_w = 19, .box_h = 21, .ofs_x = 1, .ofs_y = 0},
    {.bitmap_index = 908, .adv_w = 78, .box_w = 5, .box_h = 8, .ofs_x = 0, .ofs_y = 14},
    {.bitmap_index = 928, .adv_w = 169, .box_w = 9, .box_h = 31, .ofs_x = 1, .ofs_y = -7},
    {.bitmap_index = 1068, .adv_w = 169, .box_w = 9, .box_h = 31, .ofs_x = 0, .ofs_y = -7},
    {.bitmap_index = 1208, .adv_w = 218, .box_w = 14, .box_h = 13, .ofs_x = 0, .ofs_y = 8},
    {.bitmap_index = 1299, .adv_w = 262, .box_w = 16, .box_h = 16, .ofs_x = 0, .ofs_y = 2},
    {.bitmap_index = 1427, .adv_w = 117, .box_w = 6, .box_h = 9, .ofs_x = 0, .ofs_y = -5},
    {.bitmap_index = 1454, .adv_w = 186, .box_w = 9, .box_h = 4, .ofs_x = 1, .ofs_y = 7},
    {.bitmap_index = 1472, .adv_w = 139, .box_w = 6, .box_h = 5, .ofs_x = 1, .ofs_y = 0},
    {.bitmap_index = 1487, .adv_w = 179, .box_w = 12, .box_h = 23, .ofs_x = -1, .ofs_y = -2},
    {.bitmap_index = 1625, .adv_w = 275, .box_w = 15, .box_h = 21, .ofs_x = 1, .ofs_y = 0},
    {.bitmap_index = 1783, .adv_w = 275, .box_w = 10, .box_h = 21, .ofs_x = 2, .ofs_y = 0},
    {.bitmap_index = 1888, .adv_w = 275, .box_w = 16, .box_h = 21, .ofs_x = 1, .ofs_y = 0},
    {.bitmap_index = 2056, .adv_w = 275, .box_w = 16, .box_h = 21, .ofs_x = 0, .ofs_y = 0},
    {.bitmap_index = 2224, .adv_w = 275, .box_w = 17, .box_h = 21, .ofs_x = 0, .ofs_y = 0},
    {.bitmap_index = 2403, .adv_w = 275, .box_w = 15, .box_h = 21, .ofs_x = 1, .ofs_y = 0},
    {.bitmap_index = 2561, .adv_w = 275, .box_w = 16, .box_h = 21, .ofs_x = 1, .ofs_y = 0},
    {.bitmap_index = 2729, .adv_w = 275, .box_w = 16, .box_h = 21, .ofs_x = 0, .ofs_y = 0},
    {.bitmap_index = 2897, .adv_w = 275, .box_w = 15, .box_h = 21, .ofs_x = 1, .ofs_y = 0},
    {.bitmap_index = 3055, .adv_w = 275, .box_w = 15, .box_h = 21, .ofs_x = 1, .ofs_y = 0},
    {.bitmap_index = 3213, .adv_w = 135, .box_w = 6, .box_h = 16, .ofs_x = 1, .ofs_y = 0},
    {.bitmap_index = 3261, .adv_w = 126, .box_w = 7, .box_h = 22, .ofs_x = 0, .ofs_y = -6},
    {.bitmap_index = 3338, .adv_w = 244, .box_w = 14, .box_h = 16, .ofs_x = 0, .ofs_y = 1},
    {.bitmap_index = 3450, .adv_w = 275, .box_w = 14, .box_h = 10, .ofs_x = 2, .ofs_y = 5},
    {.bitmap_index = 3520, .adv_w = 248, .box_w = 14, .box_h = 15, .ofs_x = 1, .ofs_y = 1},
    {.bitmap_index = 3625, .adv_w = 239, .box_w = 14, .box_h = 21, .ofs_x = 0, .ofs_y = 0},
    {.bitmap_index = 3772, .adv_w = 430, .box_w = 25, .box_h = 27, .ofs_x = 1, .ofs_y = -6},
    {.bitmap_index = 4110, .adv_w = 323, .box_w = 21, .box_h = 21, .ofs_x = 0, .ofs_y = 0},
    {.bitmap_index = 4331, .adv_w = 306, .box_w = 17, .box_h = 21, .ofs_x = 1, .ofs_y = 0},
    {.bitmap_index = 4510, .adv_w = 314, .box_w = 18, .box_h = 21, .ofs_x = 1, .ofs_y = 0},
    {.bitmap_index = 4699, .adv_w = 312, .box_w = 18, .box_h = 21, .ofs_x = 1, .ofs_y = 0},
    {.bitmap_index = 4888, .adv_w = 270, .box_w = 16, .box_h = 21, .ofs_x = 1, .ofs_y = 0},
    {.bitmap_index = 5056, .adv_w = 263, .box_w = 15, .box_h = 21, .ofs_x = 1, .ofs_y = 0},
    {.bitmap_index = 5214, .adv_w = 327, .box_w = 18, .box_h = 21, .ofs_x = 1, .ofs_y = 0},
    {.bitmap_index = 5403, .adv_w = 339, .box_w = 19, .box_h = 21, .ofs_x = 1, .ofs_y = 0},
    {.bitmap_index = 5603, .adv_w = 140, .box_w = 5, .box_h = 21, .ofs_x = 2, .ofs_y = 0},
    {.bitmap_index = 5656, .adv_w = 268, .box_w = 15, .box_h = 21, .ofs_x = 0, .ofs_y = 0},
    {.bitmap_index = 5814, .adv_w = 305, .box_w = 19, .box_h = 21, .ofs_x = 1, .ofs_y = 0},
    {.bitmap_index = 6014, .adv_w = 260, .box_w = 15, .box_h = 21, .ofs_x = 1, .ofs_y = 0},
    {.bitmap_index = 6172, .adv_w = 420, .box_w = 24, .box_h = 21, .ofs_x = 1, .ofs_y = 0},
    {.bitmap_index = 6424, .adv_w = 339, .box_w = 19, .box_h = 21, .ofs_x = 1, .ofs_y = 0},
    {.bitmap_index = 6624, .adv_w = 331, .box_w = 19, .box_h = 21, .ofs_x = 1, .ofs_y = 0},
    {.bitmap_index = 6824, .adv_w = 310, .box_w = 18, .box_h = 21, .ofs_x = 1, .ofs_y = 0},
    {.bitmap_index = 7013, .adv_w = 331, .box_w = 19, .box_h = 25, .ofs_x = 1, .ofs_y = -4},
    {.bitmap_index = 7251, .adv_w = 306, .box_w = 18, .box_h = 21, .ofs_x = 1, .ofs_y = 0},
    {.bitmap_index = 7440, .adv_w = 295, .box_w = 17, .box_h = 21, .ofs_x = 1, .ofs_y = 0},
    {.bitmap_index = 7619, .adv_w = 297, .box_w = 18, .box_h = 21, .ofs_x = 0, .ofs_y = 0},
    {.bitmap_index = 7808, .adv_w = 316, .box_w = 18, .box_h = 21, .ofs_x = 1, .ofs_y = 0},
    {.bitmap_index = 7997, .adv_w = 314, .box_w = 20, .box_h = 21, .ofs_x = 0, .ofs_y = 0},
    {.bitmap_index = 8207, .adv_w = 420, .box_w = 26, .box_h = 21, .ofs_x = 0, .ofs_y = 0},
    {.bitmap_index = 8480, .adv_w = 305, .box_w = 19, .box_h = 21, .ofs_x = 0, .ofs_y = 0},
    {.bitmap_index = 8680, .adv_w = 297, .box_w = 19, .box_h = 21, .ofs_x = 0, .ofs_y = 0},
    {.bitmap_index = 8880, .adv_w = 291, .box_w = 17, .box_h = 21, .ofs_x = 1, .ofs_y = 0},
    {.bitmap_index = 9059, .adv_w = 133, .box_w = 8, .box_h = 30, .ofs_x = 1, .ofs_y = -5},
    {.bitmap_index = 9179, .adv_w = 203, .box_w = 14, .box_h = 23, .ofs_x = 0, .ofs_y = -2},
    {.bitmap_index = 9340, .adv_w = 133, .box_w = 7, .box_h = 30, .ofs_x = 0, .ofs_y = -5},
    {.bitmap_index = 9445, .adv_w = 210, .box_w = 13, .box_h = 11, .ofs_x = 0, .ofs_y = 11},
    {.bitmap_index = 9517, .adv_w = 214, .box_w = 14, .box_h = 4, .ofs_x = 0, .ofs_y = -3},
    {.bitmap_index = 9545, .adv_w = 159, .box_w = 9, .box_h = 5, .ofs_x = 0, .ofs_y = 18},
    {.bitmap_index = 9568, .adv_w = 257, .box_w = 15, .box_h = 16, .ofs_x = 1, .ofs_y = 0},
    {.bitmap_index = 9688, .adv_w = 270, .box_w = 15, .box_h = 22, .ofs_x = 1, .ofs_y = 0},
    {.bitmap_index = 9853, .adv_w = 250, .box_w = 15, .box_h = 16, .ofs_x = 0, .ofs_y = 0},
    {.bitmap_index = 9973, .adv_w = 270, .box_w = 16, .box_h = 22, .ofs_x = 0, .ofs_y = 0},
    {.bitmap_index = 10149, .adv_w = 259, .box_w = 15, .box_h = 16, .ofs_x = 1, .ofs_y = 0},
    {.bitmap_index = 10269, .adv_w = 172, .box_w = 11, .box_h = 23, .ofs_x = 0, .ofs_y = 0},
    {.bitmap_index = 10396, .adv_w = 274, .box_w = 15, .box_h = 22, .ofs_x = 1, .ofs_y = -6},
    {.bitmap_index = 10561, .adv_w = 269, .box_w = 15, .box_h = 22, .ofs_x = 1, .ofs_y = 0},
    {.bitmap_index = 10726, .adv_w = 127, .box_w = 6, .box_h = 22, .ofs_x = 1, .ofs_y = 0},
    {.bitmap_index = 10792, .adv_w = 125, .box_w = 9, .box_h = 28, .ofs_x = -2, .ofs_y = -6},
    {.bitmap_index = 10918, .adv_w = 256, .box_w = 16, .box_h = 22, .ofs_x = 1, .ofs_y = 0},
    {.bitmap_index = 11094, .adv_w = 127, .box_w = 6, .box_h = 22, .ofs_x = 1, .ofs_y = 0},
    {.bitmap_index = 11160, .adv_w = 416, .box_w = 24, .box_h = 16, .ofs_x = 1, .ofs_y = 0},
    {.bitmap_index = 11352, .adv_w = 269, .box_w = 15, .box_h = 16, .ofs_x = 1, .ofs_y = 0},
    {.bitmap_index = 11472, .adv_w = 271, .box_w = 16, .box_h = 16, .ofs_x = 0, .ofs_y = 0},
    {.bitmap_index = 11600, .adv_w = 270, .box_w = 15, .box_h = 22, .ofs_x = 1, .ofs_y = -6},
    {.bitmap_index = 11765, .adv_w = 271, .box_w = 16, .box_h = 22, .ofs_x = 0, .ofs_y = -6},
    {.bitmap_index = 11941, .adv_w = 175, .box_w = 10, .box_h = 16, .ofs_x = 1, .ofs_y = 0},
    {.bitmap_index = 12021, .adv_w = 247, .box_w = 15, .box_h = 16, .ofs_x = 0, .ofs_y = 0},
    {.bitmap_index = 12141, .adv_w = 162, .box_w = 10, .box_h = 20, .ofs_x = 0, .ofs_y = 0},
    {.bitmap_index = 12241, .adv_w = 269, .box_w = 15, .box_h = 16, .ofs_x = 1, .ofs_y = 0},
    {.bitmap_index = 12361, .adv_w = 243, .box_w = 15, .box_h = 16, .ofs_x = 0, .ofs_y = 0},
    {.bitmap_index = 12481, .adv_w = 353, .box_w = 22, .box_h = 16, .ofs_x = 0, .ofs_y = 0},
    {.bitmap_index = 12657, .adv_w = 244, .box_w = 16, .box_h = 16, .ofs_x = 0, .ofs_y = 0},
    {.bitmap_index = 12785, .adv_w = 241, .box_w = 16, .box_h = 22, .ofs_x = 0, .ofs_y = -6},
    {.bitmap_index = 12961, .adv_w = 244, .box_w = 14, .box_h = 16, .ofs_x = 1, .ofs_y = 0},
    {.bitmap_index = 13073, .adv_w = 158, .box_w = 10, .box_h = 29, .ofs_x = 0, .ofs_y = -6},
    {.bitmap_index = 13218, .adv_w = 121, .box_w = 4, .box_h = 26, .ofs_x = 2, .ofs_y = -5},
    {.bitmap_index = 13270, .adv_w = 158, .box_w = 10, .box_h = 29, .ofs_x = 0, .ofs_y = -6},
    {.bitmap_index = 13415, .adv_w = 311, .box_w = 17, .box_h = 7, .ofs_x = 1, .ofs_y = 5},
    {.bitmap_index = 13475, .adv_w = 186, .box_w = 9, .box_h = 8, .ofs_x = 1, .ofs_y = 13},
    {.bitmap_index = 13511, .adv_w = 173, .box_w = 8, .box_h = 8, .ofs_x = 1, .ofs_y = 7}
};

/*---------------------
 *  CHARACTER MAPPING
 *--------------------*/

static const uint16_t unicode_list_1[] = {
    0x0, 0x1f72
};

/*Collect the unicode lists and glyph_id offsets*/
static const lv_font_fmt_txt_cmap_t cmaps[] =
{
    {
        .range_start = 32, .range_length = 95, .glyph_id_start = 1,
        .unicode_list = NULL, .glyph_id_ofs_list = NULL, .list_length = 0, .type = LV_FONT_FMT_TXT_CMAP_FORMAT0_TINY
    },
    {
        .range_start = 176, .range_length = 8051, .glyph_id_start = 96,
        .unicode_list = unicode_list_1, .glyph_id_ofs_list = NULL, .list_length = 2, .type = LV_FONT_FMT_TXT_CMAP_SPARSE_TINY
    }
};

/*-----------------
 *    KERNING
 *----------------*/


/*Pair left and right glyphs for kerning*/
static const uint8_t kern_pair_glyph_ids[] =
{
    1, 53,
    3, 3,
    3, 8,
    3, 34,
    3, 66,
    3, 68,
    3, 79,
    3, 80,
    3, 84,
    3, 88,
    8, 3,
    8, 8,
    8, 34,
    8, 66,
    8, 68,
    8, 79,
    8, 80,
    8, 84,
    8, 88,
    9, 55,
    9, 56,
    9, 58,
    13, 3,
    13, 8,
    15, 3,
    15, 8,
    16, 16,
    34, 3,
    34, 8,
    34, 32,
    34, 48,
    34, 53,
    34, 54,
    34, 55,
    34, 56,
    34, 58,
    34, 79,
    34, 80,
    34, 85,
    34, 86,
    34, 87,
    34, 88,
    34, 91,
    35, 53,
    35, 55,
    35, 58,
    36, 10,
    36, 53,
    36, 62,
    36, 94,
    38, 53,
    38, 68,
    38, 71,
    38, 80,
    38, 86,
    38, 87,
    38, 88,
    39, 13,
    39, 15,
    39, 34,
    39, 43,
    39, 53,
    39, 66,
    39, 68,
    39, 80,
    39, 83,
    39, 86,
    39, 87,
    41, 34,
    41, 53,
    41, 57,
    41, 58,
    44, 14,
    44, 48,
    44, 68,
    44, 80,
    44, 86,
    44, 87,
    44, 88,
    45, 3,
    45, 8,
    45, 34,
    45, 48,
    45, 53,
    45, 54,
    45, 55,
    45, 56,
    45, 58,
    45, 86,
    45, 87,
    45, 88,
    48, 13,
    48, 15,
    48, 34,
    48, 53,
    48, 55,
    48, 57,
    48, 58,
    48, 59,
    49, 13,
    49, 15,
    49, 34,
    49, 43,
    49, 57,
    49, 59,
    49, 66,
    49, 68,
    49, 80,
    49, 85,
    49, 87,
    50, 53,
    50, 55,
    50, 56,
    50, 58,
    51, 53,
    51, 55,
    51, 58,
    53, 1,
    53, 13,
    53, 14,
    53, 15,
    53, 34,
    53, 43,
    53, 48,
    53, 52,
    53, 53,
    53, 55,
    53, 56,
    53, 58,
    53, 66,
    53, 68,
    53, 79,
    53, 80,
    53, 83,
    53, 84,
    53, 86,
    53, 87,
    53, 88,
    53, 89,
    53, 91,
    54, 34,
    55, 10,
    55, 13,
    55, 14,
    55, 15,
    55, 34,
    55, 48,
    55, 62,
    55, 66,
    55, 68,
    55, 80,
    55, 83,
    55, 86,
    55, 87,
    55, 94,
    56, 10,
    56, 13,
    56, 14,
    56, 15,
    56, 34,
    56, 53,
    56, 62,
    56, 66,
    56, 68,
    56, 80,
    56, 83,
    56, 86,
    56, 94,
    57, 14,
    57, 48,
    57, 55,
    57, 68,
    57, 80,
    57, 86,
    57, 87,
    58, 7,
    58, 10,
    58, 11,
    58, 13,
    58, 14,
    58, 15,
    58, 34,
    58, 43,
    58, 48,
    58, 52,
    58, 53,
    58, 54,
    58, 55,
    58, 56,
    58, 57,
    58, 58,
    58, 62,
    58, 66,
    58, 68,
    58, 71,
    58, 79,
    58, 80,
    58, 83,
    58, 84,
    58, 85,
    58, 86,
    58, 87,
    58, 89,
    58, 91,
    58, 94,
    58, 97,
    59, 34,
    59, 48,
    59, 68,
    59, 80,
    59, 86,
    59, 87,
    59, 88,
    60, 43,
    60, 54,
    66, 3,
    66, 8,
    66, 87,
    67, 3,
    67, 8,
    67, 87,
    67, 89,
    67, 91,
    68, 3,
    68, 8,
    70, 3,
    70, 8,
    70, 87,
    71, 3,
    71, 8,
    71, 10,
    71, 62,
    71, 68,
    71, 94,
    76, 68,
    79, 3,
    79, 8,
    80, 3,
    80, 8,
    80, 87,
    80, 89,
    80, 91,
    83, 3,
    83, 8,
    83, 13,
    83, 15,
    83, 66,
    83, 68,
    83, 71,
    83, 80,
    83, 85,
    83, 87,
    83, 88,
    85, 80,
    87, 3,
    87, 8,
    87, 13,
    87, 15,
    87, 66,
    87, 68,
    87, 71,
    87, 80,
    88, 13,
    88, 15,
    89, 68,
    89, 80,
    91, 68,
    91, 80,
    92, 43,
    92, 54
};

/* Kerning between the respective left and right glyphs
 * 4.4 format which needs to scaled with `kern_scale`*/
static const int8_t kern_pair_values[] =
{
    -14, -9, -9, -28, -12, -14, -5, -21,
    -22, 3, -9, -9, -28, -12, -14, -5,
    -21, -22, 3, 5, 9, 5, -67, -67,
    -67, -67, -58, -28, -28, -19, -5, -28,
    -4, -18, -9, -35, -11, -3, -4, -3,
    -12, -8, 3, -6, -6, -13, -6, -7,
    -3, -4, 5, -4, -4, -4, -4, -6,
    -5, -64, -64, -45, -49, 5, -8, -5,
    -5, -6, -5, -6, 4, -7, 4, -7,
    -38, -7, -6, -6, -5, -9, -15, -67,
    -67, 4, -15, -48, -6, -48, -22, -65,
    -3, -29, -12, -29, -29, -5, -20, -5,
    -5, -10, -5, -95, -95, -42, -43, -12,
    -8, -3, -3, -3, 3, 4, -8, -7,
    -5, -8, -12, -4, -11, -14, -60, -64,
    -60, -28, -51, -7, -4, 4, 4, 4,
    4, -39, -21, -21, -49, -15, -18, -15,
    -19, -11, -18, -14, -5, 5, -50, -37,
    -50, -18, -3, 4, -11, -10, -11, -7,
    -7, -3, 4, 4, -34, -14, -34, -10,
    3, 3, -8, -7, -7, -5, -4, 3,
    -37, -6, 3, -6, -5, -5, -7, -7,
    5, -11, -54, -36, -54, -35, -22, -7,
    -4, 4, -22, 4, 4, 3, 4, 4,
    -15, -15, -5, -9, -15, -9, -14, -5,
    -9, -5, -5, -7, 4, -11, 3, -6,
    -5, -5, -4, -6, -6, -4, -4, -4,
    -4, -4, -7, -7, -3, -4, -4, -3,
    -3, -3, -3, -3, 4, 4, 5, 4,
    -6, 4, -5, -19, -19, -21, -21, -4,
    -5, -4, 4, 4, -41, -41, -7, -4,
    5, -8, 12, 4, 4, -7, 4, 4,
    -39, -39, -4, -3, 3, -4, -29, -29,
    -5, -9, -4, -4, -5, -5
};

/*Collect the kern pair's data in one place*/
static const lv_font_fmt_txt_kern_pair_t kern_pairs =
{
    .glyph_ids = kern_pair_glyph_ids,
    .values = kern_pair_values,
    .pair_cnt = 270,
    .glyph_ids_size = 0
};

/*--------------------
 *  ALL CUSTOM DATA
 *--------------------*/

#if LVGL_VERSION_MAJOR == 8
/*Store all the custom data of the font*/
static  lv_font_fmt_txt_glyph_cache_t cache;
#endif

#if LVGL_VERSION_MAJOR >= 8
static const lv_font_fmt_txt_dsc_t font_dsc = {
#else
static lv_font_fmt_txt_dsc_t font_dsc = {
#endif
    .glyph_bitmap = glyph_bitmap,
    .glyph_dsc = glyph_dsc,
    .cmaps = cmaps,
    .kern_dsc = &kern_pairs,
    .kern_scale = 16,
    .cmap_num = 2,
    .bpp = 4,
    .kern_classes = 0,
    .bitmap_format = 0,
#if LVGL_VERSION_MAJOR == 8
    .cache = &cache
#endif
};



/*-----------------
 *  PUBLIC FONT
 *----------------*/

/*Initialize a public general font descriptor*/
#if LVGL_VERSION_MAJOR >= 8
const lv_font_t roboto_bold_30 = {
#else
lv_font_t roboto_bold_30 = {
#endif
    .get_glyph_dsc = lv_font_get_glyph_dsc_fmt_txt,    /*Function pointer to get glyph's data*/
    .get_glyph_bitmap = lv_font_get_bitmap_fmt_txt,    /*Function pointer to get glyph's bitmap*/
    .line_height = 32,          /*The maximum line height required by the font*/
    .base_line = 7,             /*Baseline measured from the bottom of the line*/
#if !(LVGL_VERSION_MAJOR == 6 && LVGL_VERSION_MINOR == 0)
    .subpx = LV_FONT_SUBPX_NONE,
#endif
#if LV_VERSION_CHECK(7, 4, 0) || LVGL_VERSION_MAJOR >= 8
    .underline_position = -2,
    .underline_thickness = 1,
#endif
    .dsc = &font_dsc,          /*The custom font data. Will be accessed by `get_glyph_bitmap/dsc` */
#if LV_VERSION_CHECK(8, 2, 0) || LVGL_VERSION_MAJOR >= 9
    .fallback = NULL,
#endif
    .user_data = NULL,
};



#endif /*#if ROBOTO_BOLD_30*/

