/*******************************************************************************
 * Size: 28 px
 * Bpp: 4
 * Opts: --font /Users/MattTaylor/halo-ui-redesign-2026-09-07/assets/fonts/Nunito-Black.ttf --size 28 --bpp 4 --format lvgl --no-compress -r 0x20-0x7E --force-fast-kern-format -o /Users/MattTaylor/Documents/Arduino/HALOMAIN_rev1p5_modular/halo_ota_demo/firmware/halo_lcd_prod/nunito_28.c --lv-include lvgl.h
 ******************************************************************************/

#ifdef LV_LVGL_H_INCLUDE_SIMPLE
#include "lvgl.h"
#else
#include "lvgl.h"
#endif

#ifndef NUNITO_28
#define NUNITO_28 1
#endif

#if NUNITO_28

/*-----------------
 *    BITMAPS
 *----------------*/

/*Store the image of the glyphs*/
static LV_ATTRIBUTE_LARGE_CONST const uint8_t glyph_bitmap[] = {
    /* U+0020 " " */

    /* U+0021 "!" */
    0x1, 0xbf, 0xe7, 0x0, 0xaf, 0xff, 0xf4, 0xe,
    0xff, 0xff, 0x70, 0xdf, 0xff, 0xf6, 0xb, 0xff,
    0xff, 0x50, 0x9f, 0xff, 0xf3, 0x8, 0xff, 0xff,
    0x10, 0x6f, 0xff, 0xf0, 0x4, 0xff, 0xfe, 0x0,
    0x2f, 0xff, 0xc0, 0x0, 0xff, 0xfa, 0x0, 0xe,
    0xff, 0x80, 0x0, 0xaf, 0xf4, 0x0, 0x0, 0x64,
    0x0, 0x0, 0x26, 0x50, 0x0, 0x5f, 0xff, 0xd1,
    0xd, 0xff, 0xff, 0x70, 0xef, 0xff, 0xf8, 0xa,
    0xff, 0xff, 0x40, 0x1b, 0xfe, 0x70,

    /* U+0022 "\"" */
    0xa, 0xfe, 0x50, 0x1, 0xbf, 0xd4, 0x8, 0xff,
    0xff, 0x10, 0x9f, 0xff, 0xf0, 0xbf, 0xff, 0xf4,
    0xc, 0xff, 0xff, 0x2a, 0xff, 0xff, 0x20, 0xbf,
    0xff, 0xf1, 0x8f, 0xff, 0xf0, 0x9, 0xff, 0xfe,
    0x6, 0xff, 0xfe, 0x0, 0x7f, 0xff, 0xc0, 0x3f,
    0xff, 0xb0, 0x5, 0xff, 0xfa, 0x1, 0xff, 0xf9,
    0x0, 0x2f, 0xff, 0x70, 0x7, 0xfd, 0x20, 0x0,
    0x8f, 0xc1, 0x0, 0x0, 0x0, 0x0, 0x0, 0x0,
    0x0,

    /* U+0023 "#" */
    0x0, 0x0, 0x1c, 0xf8, 0x0, 0x4e, 0xf3, 0x0,
    0x0, 0x6, 0xff, 0xc0, 0xc, 0xff, 0x70, 0x0,
    0x0, 0xaf, 0xf9, 0x0, 0xff, 0xf3, 0x0, 0x0,
    0xd, 0xff, 0x50, 0x3f, 0xff, 0x0, 0x9, 0xff,
    0xff, 0xff, 0xff, 0xff, 0xfd, 0x20, 0xff, 0xff,
    0xff, 0xff, 0xff, 0xff, 0xf7, 0x9, 0xff, 0xff,
    0xff, 0xff, 0xff, 0xfe, 0x20, 0x0, 0x9f, 0xf9,
    0x0, 0xff, 0xf3, 0x0, 0x0, 0xd, 0xff, 0x60,
    0x3f, 0xff, 0x0, 0x0, 0x0, 0xff, 0xf3, 0x6,
    0xff, 0xd0, 0x0, 0x0, 0x3f, 0xff, 0x0, 0x9f,
    0xfa, 0x0, 0x0, 0x6, 0xff, 0xc0, 0xc, 0xff,
    0x70, 0x0, 0x4e, 0xff, 0xff, 0xff, 0xff, 0xff,
    0xe6, 0xa, 0xff, 0xff, 0xff, 0xff, 0xff, 0xff,
    0xd0, 0x4e, 0xff, 0xff, 0xff, 0xff, 0xff, 0xf7,
    0x0, 0x3f, 0xff, 0x0, 0x8f, 0xfa, 0x0, 0x0,
    0x5, 0xff, 0xd0, 0xb, 0xff, 0x70, 0x0, 0x0,
    0x8f, 0xfa, 0x0, 0xef, 0xf4, 0x0, 0x0, 0xa,
    0xff, 0x70, 0xf, 0xff, 0x10, 0x0, 0x0, 0x6f,
    0xd1, 0x0, 0xbf, 0x90, 0x0, 0x0,

    /* U+0024 "$" */
    0x0, 0x0, 0x0, 0x2, 0x74, 0x0, 0x0, 0x0,
    0x0, 0x0, 0x0, 0x1, 0xef, 0xf5, 0x0, 0x0,
    0x0, 0x0, 0x0, 0x0, 0x4f, 0xff, 0x90, 0x0,
    0x0, 0x0, 0x0, 0x0, 0x4, 0xff, 0xf9, 0x0,
    0x0, 0x0, 0x0, 0x0, 0x28, 0xdf, 0xff, 0xfc,
    0x82, 0x0, 0x0, 0x0, 0x8f, 0xff, 0xff, 0xff,
    0xff, 0xf9, 0x0, 0x0, 0xbf, 0xff, 0xff, 0xff,
    0xff, 0xff, 0xf4, 0x0, 0x6f, 0xff, 0xff, 0xff,
    0xff, 0xff, 0xff, 0x40, 0xd, 0xff, 0xff, 0xc5,
    0x22, 0x47, 0xdf, 0xa0, 0x0, 0xff, 0xff, 0xe0,
    0x0, 0x0, 0x0, 0x0, 0x0, 0x1f, 0xff, 0xfe,
    0x0, 0x0, 0x0, 0x0, 0x0, 0x0, 0xff, 0xff,
    0xfd, 0x73, 0x0, 0x0, 0x0, 0x0, 0xa, 0xff,
    0xff, 0xff, 0xff, 0xc9, 0x40, 0x0, 0x0, 0x2f,
    0xff, 0xff, 0xff, 0xff, 0xff, 0xd3, 0x0, 0x0,
    0x3d, 0xff, 0xff, 0xff, 0xff, 0xff, 0xf4, 0x0,
    0x0, 0x5, 0xae, 0xff, 0xff, 0xff, 0xff, 0xe0,
    0x0, 0x0, 0x0, 0x2, 0x59, 0xef, 0xff, 0xff,
    0x30, 0x0, 0x0, 0x0, 0x0, 0x0, 0xcf, 0xff,
    0xf5, 0x0, 0x53, 0x0, 0x0, 0x0, 0xa, 0xff,
    0xff, 0x50, 0xbf, 0xfd, 0x84, 0x33, 0x49, 0xff,
    0xff, 0xf1, 0x2f, 0xff, 0xff, 0xff, 0xff, 0xff,
    0xff, 0xfb, 0x1, 0xff, 0xff, 0xff, 0xff, 0xff,
    0xff, 0xfe, 0x10, 0x6, 0xff, 0xff, 0xff, 0xff,
    0xff, 0xfb, 0x10, 0x0, 0x0, 0x5a, 0xdf, 0xff,
    0xfe, 0x93, 0x0, 0x0, 0x0, 0x0, 0x0, 0x4f,
    0xff, 0x90, 0x0, 0x0, 0x0, 0x0, 0x0, 0x4,
    0xff, 0xf9, 0x0, 0x0, 0x0, 0x0, 0x0, 0x0,
    0x1e, 0xff, 0x50, 0x0, 0x0, 0x0, 0x0, 0x0,
    0x0, 0x27, 0x40, 0x0, 0x0, 0x0,

    /* U+0025 "%" */
    0x0, 0x0, 0x0, 0x0, 0x0, 0x0, 0x0, 0x0,
    0x0, 0x10, 0x0, 0x0, 0x0, 0x0, 0x0, 0x6c,
    0xff, 0xd7, 0x0, 0x0, 0x0, 0x0, 0xcf, 0xa0,
    0x0, 0x0, 0x0, 0x0, 0xaf, 0xff, 0xff, 0xfc,
    0x0, 0x0, 0x0, 0x8f, 0xff, 0x30, 0x0, 0x0,
    0x0, 0x6f, 0xff, 0xff, 0xff, 0xf9, 0x0, 0x0,
    0x2f, 0xff, 0xf1, 0x0, 0x0, 0x0, 0xd, 0xff,
    0xf4, 0x2f, 0xff, 0xf0, 0x0, 0xa, 0xff, 0xf7,
    0x0, 0x0, 0x0, 0x1, 0xff, 0xfd, 0x0, 0xbf,
    0xff, 0x40, 0x4, 0xff, 0xfd, 0x0, 0x0, 0x0,
    0x0, 0x2f, 0xff, 0xc0, 0x9, 0xff, 0xf5, 0x0,
    0xdf, 0xff, 0x40, 0x0, 0x0, 0x0, 0x2, 0xff,
    0xfc, 0x0, 0x9f, 0xff, 0x50, 0x7f, 0xff, 0xb0,
    0x0, 0x0, 0x0, 0x0, 0xf, 0xff, 0xe0, 0xb,
    0xff, 0xf3, 0x1f, 0xff, 0xf2, 0x0, 0x0, 0x0,
    0x0, 0x0, 0xcf, 0xff, 0x53, 0xff, 0xff, 0x9,
    0xff, 0xf8, 0x7, 0xdf, 0xfc, 0x60, 0x0, 0x5,
    0xff, 0xff, 0xff, 0xff, 0x83, 0xff, 0xfe, 0x1c,
    0xff, 0xff, 0xff, 0xa0, 0x0, 0xa, 0xff, 0xff,
    0xff, 0xc0, 0xcf, 0xff, 0x69, 0xff, 0xff, 0xff,
    0xff, 0x50, 0x0, 0x6, 0xcf, 0xfd, 0x70, 0x5f,
    0xff, 0xc0, 0xff, 0xff, 0x25, 0xff, 0xfc, 0x0,
    0x0, 0x0, 0x0, 0x0, 0xe, 0xff, 0xf3, 0x4f,
    0xff, 0xa0, 0xe, 0xff, 0xf1, 0x0, 0x0, 0x0,
    0x0, 0x8, 0xff, 0xfa, 0x5, 0xff, 0xf9, 0x0,
    0xcf, 0xff, 0x20, 0x0, 0x0, 0x0, 0x2, 0xff,
    0xff, 0x10, 0x5f, 0xff, 0x90, 0xc, 0xff, 0xf2,
    0x0, 0x0, 0x0, 0x0, 0xbf, 0xff, 0x70, 0x3,
    0xff, 0xfb, 0x0, 0xef, 0xff, 0x0, 0x0, 0x0,
    0x0, 0x4f, 0xff, 0xd0, 0x0, 0xf, 0xff, 0xf2,
    0x5f, 0xff, 0xc0, 0x0, 0x0, 0x0, 0xd, 0xff,
    0xf5, 0x0, 0x0, 0x8f, 0xff, 0xff, 0xff, 0xf5,
    0x0, 0x0, 0x0, 0x3, 0xff, 0xfb, 0x0, 0x0,
    0x0, 0xcf, 0xff, 0xff, 0xf9, 0x0, 0x0, 0x0,
    0x0, 0x1f, 0xff, 0x20, 0x0, 0x0, 0x0, 0x7d,
    0xff, 0xc5, 0x0, 0x0, 0x0, 0x0, 0x0, 0x27,
    0x30, 0x0, 0x0, 0x0, 0x0, 0x0, 0x0, 0x0,
    0x0,

    /* U+0026 "&" */
    0x0, 0x0, 0x7, 0xce, 0xff, 0xc6, 0x0, 0x0,
    0x0, 0x0, 0x0, 0x2, 0xef, 0xff, 0xff, 0xff,
    0xb0, 0x0, 0x0, 0x0, 0x0, 0xe, 0xff, 0xff,
    0xff, 0xff, 0xf8, 0x0, 0x0, 0x0, 0x0, 0x6f,
    0xff, 0xf9, 0x48, 0xff, 0xfd, 0x0, 0x0, 0x0,
    0x0, 0x9f, 0xff, 0xe0, 0x0, 0xef, 0xff, 0x0,
    0x0, 0x0, 0x0, 0x9f, 0xff, 0xf0, 0x1, 0xff,
    0xfe, 0x0, 0x0, 0x0, 0x0, 0x6f, 0xff, 0xf9,
    0x2c, 0xff, 0xf9, 0x0, 0x0, 0x0, 0x0, 0xe,
    0xff, 0xff, 0xff, 0xff, 0xe1, 0x5, 0xa8, 0x0,
    0x0, 0x4, 0xff, 0xff, 0xff, 0xfe, 0x20, 0x4f,
    0xff, 0x70, 0x0, 0x1a, 0xff, 0xff, 0xff, 0xe1,
    0x0, 0x9f, 0xff, 0x80, 0x1, 0xdf, 0xff, 0xff,
    0xff, 0xfb, 0x0, 0xdf, 0xff, 0x50, 0xc, 0xff,
    0xff, 0xaf, 0xff, 0xff, 0xc3, 0xff, 0xff, 0x10,
    0x4f, 0xff, 0xfb, 0x3, 0xef, 0xff, 0xff, 0xff,
    0xfb, 0x0, 0x8f, 0xff, 0xf6, 0x0, 0x2e, 0xff,
    0xff, 0xff, 0xf4, 0x0, 0x9f, 0xff, 0xf7, 0x0,
    0x2, 0xef, 0xff, 0xff, 0xc0, 0x0, 0x7f, 0xff,
    0xfe, 0x20, 0x0, 0x7f, 0xff, 0xff, 0xe2, 0x0,
    0x2f, 0xff, 0xff, 0xfc, 0xce, 0xff, 0xff, 0xff,
    0xfe, 0x30, 0x7, 0xff, 0xff, 0xff, 0xff, 0xff,
    0xff, 0xff, 0xff, 0xe0, 0x0, 0x7f, 0xff, 0xff,
    0xff, 0xff, 0xc3, 0xbf, 0xff, 0xf1, 0x0, 0x1,
    0x7c, 0xef, 0xfd, 0x93, 0x0, 0x8, 0xff, 0x80,

    /* U+0027 "'" */
    0xa, 0xfe, 0x50, 0x8f, 0xff, 0xf1, 0xbf, 0xff,
    0xf4, 0xaf, 0xff, 0xf2, 0x8f, 0xff, 0xf0, 0x6f,
    0xff, 0xe0, 0x3f, 0xff, 0xb0, 0x1f, 0xff, 0x90,
    0x7, 0xfd, 0x20, 0x0, 0x0, 0x0,

    /* U+0028 "(" */
    0x0, 0x0, 0x4c, 0xc3, 0x0, 0x0, 0x2f, 0xff,
    0xc0, 0x0, 0xb, 0xff, 0xfd, 0x0, 0x3, 0xff,
    0xff, 0x90, 0x0, 0xbf, 0xff, 0xf4, 0x0, 0x1f,
    0xff, 0xff, 0x0, 0x6, 0xff, 0xff, 0xb0, 0x0,
    0xaf, 0xff, 0xf8, 0x0, 0xe, 0xff, 0xff, 0x50,
    0x0, 0xff, 0xff, 0xf3, 0x0, 0x2f, 0xff, 0xff,
    0x20, 0x3, 0xff, 0xff, 0xf1, 0x0, 0x4f, 0xff,
    0xff, 0x10, 0x4, 0xff, 0xff, 0xf1, 0x0, 0x3f,
    0xff, 0xff, 0x10, 0x1, 0xff, 0xff, 0xf3, 0x0,
    0xf, 0xff, 0xff, 0x50, 0x0, 0xcf, 0xff, 0xf7,
    0x0, 0x8, 0xff, 0xff, 0xa0, 0x0, 0x3f, 0xff,
    0xfe, 0x0, 0x0, 0xdf, 0xff, 0xf3, 0x0, 0x6,
    0xff, 0xff, 0x70, 0x0, 0xe, 0xff, 0xfc, 0x0,
    0x0, 0x5f, 0xff, 0xe0, 0x0, 0x0, 0x9f, 0xf7,
    0x0, 0x0, 0x0, 0x22, 0x0,

    /* U+0029 ")" */
    0xa, 0xd8, 0x0, 0x0, 0x6f, 0xff, 0x70, 0x0,
    0x7f, 0xff, 0xf2, 0x0, 0x2f, 0xff, 0xfa, 0x0,
    0xd, 0xff, 0xff, 0x10, 0x9, 0xff, 0xff, 0x70,
    0x5, 0xff, 0xff, 0xc0, 0x2, 0xff, 0xff, 0xf1,
    0x0, 0xff, 0xff, 0xf4, 0x0, 0xdf, 0xff, 0xf6,
    0x0, 0xcf, 0xff, 0xf8, 0x0, 0xbf, 0xff, 0xf9,
    0x0, 0xbf, 0xff, 0xfa, 0x0, 0xbf, 0xff, 0xfa,
    0x0, 0xcf, 0xff, 0xf9, 0x0, 0xdf, 0xff, 0xf7,
    0x0, 0xff, 0xff, 0xf5, 0x1, 0xff, 0xff, 0xf2,
    0x4, 0xff, 0xff, 0xe0, 0x8, 0xff, 0xff, 0x90,
    0xc, 0xff, 0xff, 0x30, 0x1f, 0xff, 0xfc, 0x0,
    0x6f, 0xff, 0xf4, 0x0, 0x7f, 0xff, 0xa0, 0x0,
    0x2e, 0xfd, 0x10, 0x0, 0x0, 0x20, 0x0, 0x0,

    /* U+002A "*" */
    0x0, 0x0, 0x0, 0x0, 0x0, 0x0, 0x0, 0x0,
    0x9d, 0x30, 0x6d, 0x60, 0x0, 0x0, 0x4f, 0xfc,
    0x1f, 0xff, 0x0, 0x0, 0x1, 0xff, 0xfa, 0xff,
    0xc0, 0x0, 0x0, 0x6, 0xff, 0xff, 0xf3, 0x0,
    0x1, 0xcf, 0xef, 0xff, 0xff, 0xef, 0xa0, 0x3f,
    0xff, 0xff, 0xff, 0xff, 0xff, 0x0, 0x58, 0x9f,
    0xff, 0xff, 0x88, 0x30, 0x0, 0xb, 0xff, 0xff,
    0xf7, 0x0, 0x0, 0x4, 0xff, 0xf4, 0xff, 0xf0,
    0x0, 0x0, 0x2f, 0xf8, 0xc, 0xfd, 0x0, 0x0,
    0x0, 0x25, 0x0, 0x15, 0x10, 0x0,

    /* U+002B "+" */
    0x0, 0x0, 0x0, 0x1, 0x0, 0x0, 0x0, 0x0,
    0x0, 0x0, 0x1d, 0xfc, 0x0, 0x0, 0x0, 0x0,
    0x0, 0x5, 0xff, 0xf2, 0x0, 0x0, 0x0, 0x0,
    0x0, 0x5f, 0xff, 0x20, 0x0, 0x0, 0x0, 0x0,
    0x5, 0xff, 0xf2, 0x0, 0x0, 0x0, 0x0, 0x0,
    0x5f, 0xff, 0x20, 0x0, 0x0, 0x4e, 0xff, 0xff,
    0xff, 0xff, 0xff, 0xfd, 0x2a, 0xff, 0xff, 0xff,
    0xff, 0xff, 0xff, 0xf7, 0x7f, 0xff, 0xff, 0xff,
    0xff, 0xff, 0xff, 0x40, 0x34, 0x44, 0x8f, 0xff,
    0x64, 0x44, 0x20, 0x0, 0x0, 0x5, 0xff, 0xf2,
    0x0, 0x0, 0x0, 0x0, 0x0, 0x5f, 0xff, 0x20,
    0x0, 0x0, 0x0, 0x0, 0x5, 0xff, 0xf2, 0x0,
    0x0, 0x0, 0x0, 0x0, 0x4f, 0xff, 0x10, 0x0,
    0x0, 0x0, 0x0, 0x0, 0xcf, 0xa0, 0x0, 0x0,
    0x0,

    /* U+002C "," */
    0x2, 0x65, 0x0, 0x5f, 0xff, 0xc0, 0xdf, 0xff,
    0xf5, 0xef, 0xff, 0xf8, 0xaf, 0xff, 0xf8, 0x1a,
    0xff, 0xf6, 0x0, 0xaf, 0xf2, 0x3, 0xff, 0xa0,
    0xc, 0xfe, 0x10, 0x7, 0xd4, 0x0,

    /* U+002D "-" */
    0x9, 0xdd, 0xdd, 0xdd, 0xc3, 0x6f, 0xff, 0xff,
    0xff, 0xfd, 0x6f, 0xff, 0xff, 0xff, 0xfe, 0xb,
    0xff, 0xff, 0xff, 0xe5,

    /* U+002E "." */
    0x2, 0x65, 0x0, 0x5f, 0xff, 0xd1, 0xdf, 0xff,
    0xf7, 0xef, 0xff, 0xf8, 0xaf, 0xff, 0xf4, 0x1b,
    0xfe, 0x70,

    /* U+002F "/" */
    0x0, 0x0, 0x0, 0x4, 0xee, 0x50, 0x0, 0x0,
    0x0, 0xd, 0xff, 0xe0, 0x0, 0x0, 0x0, 0x2f,
    0xff, 0xc0, 0x0, 0x0, 0x0, 0x8f, 0xff, 0x70,
    0x0, 0x0, 0x0, 0xdf, 0xff, 0x20, 0x0, 0x0,
    0x2, 0xff, 0xfd, 0x0, 0x0, 0x0, 0x7, 0xff,
    0xf7, 0x0, 0x0, 0x0, 0xc, 0xff, 0xf2, 0x0,
    0x0, 0x0, 0x2f, 0xff, 0xd0, 0x0, 0x0, 0x0,
    0x7f, 0xff, 0x80, 0x0, 0x0, 0x0, 0xcf, 0xff,
    0x30, 0x0, 0x0, 0x1, 0xff, 0xfe, 0x0, 0x0,
    0x0, 0x6, 0xff, 0xf8, 0x0, 0x0, 0x0, 0xc,
    0xff, 0xf3, 0x0, 0x0, 0x0, 0x1f, 0xff, 0xe0,
    0x0, 0x0, 0x0, 0x6f, 0xff, 0x90, 0x0, 0x0,
    0x0, 0xbf, 0xff, 0x40, 0x0, 0x0, 0x1, 0xff,
    0xfe, 0x0, 0x0, 0x0, 0x5, 0xff, 0xf9, 0x0,
    0x0, 0x0, 0xb, 0xff, 0xf4, 0x0, 0x0, 0x0,
    0xf, 0xff, 0xf0, 0x0, 0x0, 0x0, 0x1f, 0xff,
    0xa0, 0x0, 0x0, 0x0, 0x8, 0xfd, 0x20, 0x0,
    0x0, 0x0,

    /* U+0030 "0" */
    0x0, 0x0, 0x17, 0xcf, 0xfe, 0xc6, 0x0, 0x0,
    0x0, 0x4, 0xef, 0xff, 0xff, 0xff, 0xd2, 0x0,
    0x0, 0x3f, 0xff, 0xff, 0xff, 0xff, 0xfe, 0x10,
    0x0, 0xcf, 0xff, 0xff, 0xff, 0xff, 0xff, 0x90,
    0x4, 0xff, 0xff, 0xe4, 0x16, 0xff, 0xff, 0xf1,
    0x9, 0xff, 0xff, 0x60, 0x0, 0x9f, 0xff, 0xf6,
    0xd, 0xff, 0xff, 0x0, 0x0, 0x3f, 0xff, 0xfa,
    0xf, 0xff, 0xfd, 0x0, 0x0, 0x1f, 0xff, 0xfc,
    0x1f, 0xff, 0xfc, 0x0, 0x0, 0xf, 0xff, 0xfe,
    0x1f, 0xff, 0xfb, 0x0, 0x0, 0xf, 0xff, 0xfe,
    0x1f, 0xff, 0xfb, 0x0, 0x0, 0xf, 0xff, 0xfe,
    0x1f, 0xff, 0xfc, 0x0, 0x0, 0xf, 0xff, 0xfd,
    0xf, 0xff, 0xfe, 0x0, 0x0, 0x1f, 0xff, 0xfc,
    0xc, 0xff, 0xff, 0x10, 0x0, 0x4f, 0xff, 0xf9,
    0x8, 0xff, 0xff, 0x60, 0x0, 0x9f, 0xff, 0xf5,
    0x3, 0xff, 0xff, 0xf4, 0x16, 0xff, 0xff, 0xf0,
    0x0, 0xbf, 0xff, 0xff, 0xff, 0xff, 0xff, 0x80,
    0x0, 0x2e, 0xff, 0xff, 0xff, 0xff, 0xfd, 0x0,
    0x0, 0x3, 0xef, 0xff, 0xff, 0xff, 0xc1, 0x0,
    0x0, 0x0, 0x7, 0xcf, 0xfe, 0xb6, 0x0, 0x0,

    /* U+0031 "1" */
    0x0, 0x0, 0x6, 0xcf, 0xe5, 0x0, 0x0, 0x0,
    0x0, 0x3c, 0xff, 0xff, 0xf0, 0x0, 0x0, 0x0,
    0x9f, 0xff, 0xff, 0xff, 0x0, 0x0, 0x3, 0xef,
    0xff, 0xff, 0xff, 0xf0, 0x0, 0x0, 0xcf, 0xff,
    0xff, 0xff, 0xff, 0x0, 0x0, 0xd, 0xff, 0xff,
    0xff, 0xff, 0xf0, 0x0, 0x0, 0x5f, 0xfa, 0x3f,
    0xff, 0xff, 0x0, 0x0, 0x0, 0x12, 0x1, 0xff,
    0xff, 0xf0, 0x0, 0x0, 0x0, 0x0, 0x1f, 0xff,
    0xff, 0x0, 0x0, 0x0, 0x0, 0x1, 0xff, 0xff,
    0xf0, 0x0, 0x0, 0x0, 0x0, 0x1f, 0xff, 0xff,
    0x0, 0x0, 0x0, 0x0, 0x1, 0xff, 0xff, 0xf0,
    0x0, 0x0, 0x0, 0x0, 0x1f, 0xff, 0xff, 0x0,
    0x0, 0x0, 0x0, 0x1, 0xff, 0xff, 0xf0, 0x0,
    0x0, 0x0, 0x0, 0x1f, 0xff, 0xff, 0x0, 0x0,
    0x0, 0x2, 0x23, 0xff, 0xff, 0xf3, 0x22, 0x0,
    0x4f, 0xff, 0xff, 0xff, 0xff, 0xff, 0xfd, 0x1b,
    0xff, 0xff, 0xff, 0xff, 0xff, 0xff, 0xf5, 0xaf,
    0xff, 0xff, 0xff, 0xff, 0xff, 0xff, 0x52, 0xdf,
    0xff, 0xff, 0xff, 0xff, 0xff, 0xa0,

    /* U+0032 "2" */
    0x0, 0x38, 0xce, 0xff, 0xeb, 0x60, 0x0, 0x1,
    0xbf, 0xff, 0xff, 0xff, 0xff, 0xe3, 0x0, 0xaf,
    0xff, 0xff, 0xff, 0xff, 0xff, 0xe1, 0xb, 0xff,
    0xff, 0xff, 0xff, 0xff, 0xff, 0x80, 0x4f, 0xfd,
    0x74, 0x36, 0xef, 0xff, 0xfc, 0x0, 0x12, 0x0,
    0x0, 0x4, 0xff, 0xff, 0xe0, 0x0, 0x0, 0x0,
    0x0, 0x2f, 0xff, 0xfe, 0x0, 0x0, 0x0, 0x0,
    0x5, 0xff, 0xff, 0xb0, 0x0, 0x0, 0x0, 0x0,
    0xdf, 0xff, 0xf6, 0x0, 0x0, 0x0, 0x0, 0xaf,
    0xff, 0xfe, 0x0, 0x0, 0x0, 0x0, 0x9f, 0xff,
    0xff, 0x40, 0x0, 0x0, 0x0, 0x8f, 0xff, 0xff,
    0x70, 0x0, 0x0, 0x0, 0x8f, 0xff, 0xff, 0x80,
    0x0, 0x0, 0x0, 0x7f, 0xff, 0xff, 0x80, 0x0,
    0x0, 0x0, 0x6f, 0xff, 0xff, 0x80, 0x0, 0x0,
    0x0, 0x5f, 0xff, 0xff, 0xa2, 0x22, 0x22, 0x10,
    0x1f, 0xff, 0xff, 0xff, 0xff, 0xff, 0xff, 0x64,
    0xff, 0xff, 0xff, 0xff, 0xff, 0xff, 0xfd, 0x3f,
    0xff, 0xff, 0xff, 0xff, 0xff, 0xff, 0xd0, 0x9f,
    0xff, 0xff, 0xff, 0xff, 0xff, 0xe4,

    /* U+0033 "3" */
    0x0, 0x3, 0x8c, 0xef, 0xfe, 0xb6, 0x0, 0x0,
    0x1, 0xbf, 0xff, 0xff, 0xff, 0xff, 0xe3, 0x0,
    0x9, 0xff, 0xff, 0xff, 0xff, 0xff, 0xff, 0x20,
    0xa, 0xff, 0xff, 0xff, 0xff, 0xff, 0xff, 0x90,
    0x3, 0xef, 0xc7, 0x43, 0x5c, 0xff, 0xff, 0xd0,
    0x0, 0x1, 0x0, 0x0, 0x1, 0xff, 0xff, 0xe0,
    0x0, 0x0, 0x0, 0x0, 0x0, 0xff, 0xff, 0xc0,
    0x0, 0x0, 0x0, 0x1, 0x3b, 0xff, 0xff, 0x70,
    0x0, 0x0, 0x3e, 0xff, 0xff, 0xff, 0xfb, 0x0,
    0x0, 0x0, 0xbf, 0xff, 0xff, 0xff, 0xa0, 0x0,
    0x0, 0x0, 0xaf, 0xff, 0xff, 0xff, 0xfb, 0x0,
    0x0, 0x0, 0x3d, 0xff, 0xff, 0xff, 0xff, 0xb0,
    0x0, 0x0, 0x0, 0x0, 0x4, 0xdf, 0xff, 0xf3,
    0x0, 0x0, 0x0, 0x0, 0x0, 0x6f, 0xff, 0xf7,
    0x0, 0x22, 0x0, 0x0, 0x0, 0x8f, 0xff, 0xf8,
    0x8, 0xff, 0xc7, 0x43, 0x48, 0xff, 0xff, 0xf6,
    0xf, 0xff, 0xff, 0xff, 0xff, 0xff, 0xff, 0xf1,
    0xe, 0xff, 0xff, 0xff, 0xff, 0xff, 0xff, 0x70,
    0x4, 0xef, 0xff, 0xff, 0xff, 0xff, 0xf7, 0x0,
    0x0, 0x5, 0x9c, 0xef, 0xfe, 0xb7, 0x10, 0x0,

    /* U+0034 "4" */
    0x0, 0x0, 0x0, 0x0, 0x5, 0xdf, 0xc2, 0x0,
    0x0, 0x0, 0x0, 0x0, 0x4, 0xff, 0xff, 0xa0,
    0x0, 0x0, 0x0, 0x0, 0x1, 0xef, 0xff, 0xfd,
    0x0, 0x0, 0x0, 0x0, 0x0, 0xaf, 0xff, 0xff,
    0xd0, 0x0, 0x0, 0x0, 0x0, 0x5f, 0xff, 0xff,
    0xfd, 0x0, 0x0, 0x0, 0x0, 0x1e, 0xff, 0xff,
    0xff, 0xd0, 0x0, 0x0, 0x0, 0xa, 0xff, 0xff,
    0xff, 0xfd, 0x0, 0x0, 0x0, 0x5, 0xff, 0xfc,
    0xff, 0xff, 0xd0, 0x0, 0x0, 0x1, 0xef, 0xff,
    0x3f, 0xff, 0xfd, 0x0, 0x0, 0x0, 0xbf, 0xff,
    0x62, 0xff, 0xff, 0xd0, 0x0, 0x0, 0x6f, 0xff,
    0xc0, 0x2f, 0xff, 0xfd, 0x0, 0x0, 0x2f, 0xff,
    0xf2, 0x2, 0xff, 0xff, 0xd0, 0x0, 0xb, 0xff,
    0xf7, 0x0, 0x2f, 0xff, 0xfd, 0x0, 0x2, 0xff,
    0xff, 0xff, 0xff, 0xff, 0xff, 0xff, 0xd2, 0x5f,
    0xff, 0xff, 0xff, 0xff, 0xff, 0xff, 0xff, 0x92,
    0xff, 0xff, 0xff, 0xff, 0xff, 0xff, 0xff, 0xf9,
    0x6, 0xce, 0xee, 0xee, 0xef, 0xff, 0xff, 0xdb,
    0x10, 0x0, 0x0, 0x0, 0x1, 0xff, 0xff, 0xd0,
    0x0, 0x0, 0x0, 0x0, 0x0, 0xf, 0xff, 0xfb,
    0x0, 0x0, 0x0, 0x0, 0x0, 0x0, 0x5e, 0xfc,
    0x20, 0x0,

    /* U+0035 "5" */
    0x6, 0xef, 0xff, 0xff, 0xff, 0xff, 0xe6, 0x0,
    0xf, 0xff, 0xff, 0xff, 0xff, 0xff, 0xff, 0x0,
    0x1f, 0xff, 0xff, 0xff, 0xff, 0xff, 0xff, 0x0,
    0x1f, 0xff, 0xff, 0xff, 0xff, 0xff, 0xf8, 0x0,
    0x1f, 0xff, 0xfc, 0x22, 0x22, 0x22, 0x10, 0x0,
    0x1f, 0xff, 0xfc, 0x0, 0x0, 0x0, 0x0, 0x0,
    0x1f, 0xff, 0xfc, 0x0, 0x0, 0x0, 0x0, 0x0,
    0x1f, 0xff, 0xfd, 0xae, 0xff, 0xc7, 0x0, 0x0,
    0x1f, 0xff, 0xff, 0xff, 0xff, 0xff, 0xd2, 0x0,
    0x1f, 0xff, 0xff, 0xff, 0xff, 0xff, 0xfd, 0x0,
    0x1f, 0xff, 0xff, 0xff, 0xff, 0xff, 0xff, 0x70,
    0xe, 0xff, 0xf7, 0x21, 0x4c, 0xff, 0xff, 0xd0,
    0x1, 0x66, 0x10, 0x0, 0x1, 0xff, 0xff, 0xf0,
    0x0, 0x0, 0x0, 0x0, 0x0, 0xef, 0xff, 0xf0,
    0x2, 0x51, 0x0, 0x0, 0x2, 0xff, 0xff, 0xf0,
    0x2f, 0xff, 0xa6, 0x33, 0x6e, 0xff, 0xff, 0xb0,
    0x8f, 0xff, 0xff, 0xff, 0xff, 0xff, 0xff, 0x40,
    0x6f, 0xff, 0xff, 0xff, 0xff, 0xff, 0xf9, 0x0,
    0x9, 0xff, 0xff, 0xff, 0xff, 0xff, 0x80, 0x0,
    0x0, 0x17, 0xbd, 0xff, 0xec, 0x82, 0x0, 0x0,

    /* U+0036 "6" */
    0x0, 0x0, 0x5, 0xae, 0xff, 0xeb, 0x60, 0x0,
    0x0, 0x4, 0xef, 0xff, 0xff, 0xff, 0xfe, 0x40,
    0x0, 0x5f, 0xff, 0xff, 0xff, 0xff, 0xff, 0xc0,
    0x2, 0xff, 0xff, 0xff, 0xff, 0xff, 0xff, 0xb0,
    0xc, 0xff, 0xff, 0xe7, 0x33, 0x5a, 0xfe, 0x30,
    0x2f, 0xff, 0xfe, 0x10, 0x0, 0x0, 0x0, 0x0,
    0x7f, 0xff, 0xf5, 0x0, 0x0, 0x0, 0x0, 0x0,
    0xbf, 0xff, 0xf1, 0x3b, 0xff, 0xd8, 0x10, 0x0,
    0xdf, 0xff, 0xe6, 0xff, 0xff, 0xff, 0xe2, 0x0,
    0xef, 0xff, 0xff, 0xff, 0xff, 0xff, 0xfd, 0x0,
    0xef, 0xff, 0xff, 0xfd, 0xdf, 0xff, 0xff, 0x70,
    0xef, 0xff, 0xff, 0x40, 0x6, 0xff, 0xff, 0xc0,
    0xcf, 0xff, 0xfa, 0x0, 0x0, 0xdf, 0xff, 0xf0,
    0x9f, 0xff, 0xf8, 0x0, 0x0, 0xbf, 0xff, 0xf0,
    0x5f, 0xff, 0xfa, 0x0, 0x0, 0xdf, 0xff, 0xe0,
    0xe, 0xff, 0xff, 0x60, 0x8, 0xff, 0xff, 0xa0,
    0x7, 0xff, 0xff, 0xff, 0xff, 0xff, 0xff, 0x40,
    0x0, 0xbf, 0xff, 0xff, 0xff, 0xff, 0xfa, 0x0,
    0x0, 0xa, 0xff, 0xff, 0xff, 0xff, 0x90, 0x0,
    0x0, 0x0, 0x3a, 0xdf, 0xfe, 0xa3, 0x0, 0x0,

    /* U+0037 "7" */
    0x7, 0xff, 0xff, 0xff, 0xff, 0xff, 0xff, 0xd3,
    0x1f, 0xff, 0xff, 0xff, 0xff, 0xff, 0xff, 0xfd,
    0x1f, 0xff, 0xff, 0xff, 0xff, 0xff, 0xff, 0xfe,
    0xa, 0xff, 0xff, 0xff, 0xff, 0xff, 0xff, 0xfb,
    0x0, 0x12, 0x22, 0x22, 0x24, 0xff, 0xff, 0xf5,
    0x0, 0x0, 0x0, 0x0, 0xa, 0xff, 0xff, 0xc0,
    0x0, 0x0, 0x0, 0x0, 0x3f, 0xff, 0xff, 0x40,
    0x0, 0x0, 0x0, 0x0, 0xbf, 0xff, 0xfb, 0x0,
    0x0, 0x0, 0x0, 0x4, 0xff, 0xff, 0xf3, 0x0,
    0x0, 0x0, 0x0, 0xd, 0xff, 0xff, 0xa0, 0x0,
    0x0, 0x0, 0x0, 0x6f, 0xff, 0xff, 0x20, 0x0,
    0x0, 0x0, 0x0, 0xef, 0xff, 0xf9, 0x0, 0x0,
    0x0, 0x0, 0x7, 0xff, 0xff, 0xf1, 0x0, 0x0,
    0x0, 0x0, 0x1f, 0xff, 0xff, 0x80, 0x0, 0x0,
    0x0, 0x0, 0x9f, 0xff, 0xfe, 0x0, 0x0, 0x0,
    0x0, 0x2, 0xff, 0xff, 0xf6, 0x0, 0x0, 0x0,
    0x0, 0xb, 0xff, 0xff, 0xd0, 0x0, 0x0, 0x0,
    0x0, 0x2f, 0xff, 0xff, 0x50, 0x0, 0x0, 0x0,
    0x0, 0x3f, 0xff, 0xfc, 0x0, 0x0, 0x0, 0x0,
    0x0, 0x9, 0xff, 0xb1, 0x0, 0x0, 0x0, 0x0,

    /* U+0038 "8" */
    0x0, 0x0, 0x5a, 0xdf, 0xff, 0xd9, 0x30, 0x0,
    0x0, 0x2, 0xcf, 0xff, 0xff, 0xff, 0xff, 0xa0,
    0x0, 0x0, 0xdf, 0xff, 0xff, 0xff, 0xff, 0xff,
    0xb0, 0x0, 0x7f, 0xff, 0xff, 0xfd, 0xff, 0xff,
    0xff, 0x30, 0xb, 0xff, 0xff, 0x80, 0x0, 0xaf,
    0xff, 0xf7, 0x0, 0xcf, 0xff, 0xf0, 0x0, 0x2,
    0xff, 0xff, 0x80, 0xa, 0xff, 0xff, 0x0, 0x0,
    0x2f, 0xff, 0xf6, 0x0, 0x4f, 0xff, 0xfa, 0x10,
    0x2c, 0xff, 0xff, 0x20, 0x0, 0xaf, 0xff, 0xff,
    0xff, 0xff, 0xff, 0x80, 0x0, 0x0, 0xaf, 0xff,
    0xff, 0xff, 0xff, 0x80, 0x0, 0x0, 0x8f, 0xff,
    0xff, 0xff, 0xff, 0xff, 0x50, 0x0, 0x7f, 0xff,
    0xff, 0xfe, 0xff, 0xff, 0xff, 0x30, 0xe, 0xff,
    0xfe, 0x30, 0x0, 0x5f, 0xff, 0xfc, 0x3, 0xff,
    0xff, 0x60, 0x0, 0x0, 0xaf, 0xff, 0xf0, 0x4f,
    0xff, 0xf6, 0x0, 0x0, 0xa, 0xff, 0xff, 0x12,
    0xff, 0xff, 0xe3, 0x0, 0x5, 0xff, 0xff, 0xf0,
    0xd, 0xff, 0xff, 0xfe, 0xdf, 0xff, 0xff, 0xfa,
    0x0, 0x4f, 0xff, 0xff, 0xff, 0xff, 0xff, 0xfe,
    0x20, 0x0, 0x4e, 0xff, 0xff, 0xff, 0xff, 0xfd,
    0x20, 0x0, 0x0, 0x6, 0xad, 0xff, 0xfd, 0xa5,
    0x0, 0x0,

    /* U+0039 "9" */
    0x0, 0x0, 0x5b, 0xef, 0xfd, 0x82, 0x0, 0x0,
    0x0, 0x1c, 0xff, 0xff, 0xff, 0xff, 0x70, 0x0,
    0x0, 0xcf, 0xff, 0xff, 0xff, 0xff, 0xf8, 0x0,
    0x7, 0xff, 0xff, 0xff, 0xff, 0xff, 0xff, 0x40,
    0xe, 0xff, 0xff, 0x50, 0x8, 0xff, 0xff, 0xc0,
    0x1f, 0xff, 0xfa, 0x0, 0x0, 0xdf, 0xff, 0xf2,
    0x3f, 0xff, 0xf8, 0x0, 0x0, 0xbf, 0xff, 0xf6,
    0x2f, 0xff, 0xfa, 0x0, 0x0, 0xdf, 0xff, 0xf9,
    0xf, 0xff, 0xff, 0x40, 0x6, 0xff, 0xff, 0xfa,
    0xa, 0xff, 0xff, 0xfd, 0xef, 0xff, 0xff, 0xfb,
    0x2, 0xff, 0xff, 0xff, 0xff, 0xef, 0xff, 0xfb,
    0x0, 0x4f, 0xff, 0xff, 0xff, 0x5f, 0xff, 0xfa,
    0x0, 0x2, 0x9e, 0xfe, 0xa2, 0x4f, 0xff, 0xf8,
    0x0, 0x0, 0x0, 0x0, 0x0, 0x8f, 0xff, 0xf4,
    0x0, 0x0, 0x0, 0x0, 0x2, 0xff, 0xff, 0xf0,
    0x6, 0xff, 0x95, 0x34, 0x8f, 0xff, 0xff, 0x80,
    0xe, 0xff, 0xff, 0xff, 0xff, 0xff, 0xfe, 0x0,
    0xf, 0xff, 0xff, 0xff, 0xff, 0xff, 0xe3, 0x0,
    0x6, 0xff, 0xff, 0xff, 0xff, 0xfc, 0x20, 0x0,
    0x0, 0x17, 0xbe, 0xff, 0xda, 0x40, 0x0, 0x0,

    /* U+003A ":" */
    0x1b, 0xfe, 0x80, 0xbf, 0xff, 0xf4, 0xef, 0xff,
    0xf8, 0xdf, 0xff, 0xf6, 0x4f, 0xff, 0xd0, 0x1,
    0x54, 0x0, 0x0, 0x0, 0x0, 0x0, 0x0, 0x0,
    0x2, 0x65, 0x0, 0x5f, 0xff, 0xd1, 0xdf, 0xff,
    0xf7, 0xef, 0xff, 0xf8, 0xaf, 0xff, 0xf4, 0x1b,
    0xfe, 0x70,

    /* U+003B ";" */
    0x1b, 0xfe, 0x80, 0xbf, 0xff, 0xf4, 0xef, 0xff,
    0xf8, 0xdf, 0xff, 0xf6, 0x4f, 0xff, 0xd0, 0x1,
    0x54, 0x0, 0x0, 0x0, 0x0, 0x0, 0x0, 0x0,
    0x2, 0x65, 0x0, 0x5f, 0xff, 0xc0, 0xdf, 0xff,
    0xf5, 0xef, 0xff, 0xf8, 0xaf, 0xff, 0xf8, 0x1a,
    0xff, 0xf6, 0x0, 0xaf, 0xf2, 0x3, 0xff, 0xa0,
    0xc, 0xfe, 0x10, 0x7, 0xd4, 0x0,

    /* U+003C "<" */
    0x0, 0x0, 0x0, 0x0, 0x0, 0x1, 0x78, 0x10,
    0x0, 0x0, 0x0, 0x0, 0x5b, 0xff, 0xf9, 0x0,
    0x0, 0x0, 0x28, 0xef, 0xff, 0xff, 0xa0, 0x0,
    0x5, 0xbf, 0xff, 0xff, 0xff, 0xb2, 0x2, 0x9e,
    0xff, 0xff, 0xff, 0xe8, 0x20, 0x3, 0xff, 0xff,
    0xff, 0xfa, 0x40, 0x0, 0x0, 0x9f, 0xff, 0xfd,
    0x71, 0x0, 0x0, 0x0, 0x9, 0xff, 0xff, 0xc6,
    0x0, 0x0, 0x0, 0x0, 0x3f, 0xff, 0xff, 0xff,
    0x93, 0x0, 0x0, 0x0, 0x29, 0xff, 0xff, 0xff,
    0xfd, 0x71, 0x0, 0x0, 0x0, 0x6c, 0xff, 0xff,
    0xff, 0xfb, 0x20, 0x0, 0x0, 0x2, 0x8e, 0xff,
    0xff, 0xfa, 0x0, 0x0, 0x0, 0x0, 0x5, 0xbf,
    0xff, 0x90, 0x0, 0x0, 0x0, 0x0, 0x0, 0x27,
    0x81,

    /* U+003D "=" */
    0x4e, 0xff, 0xff, 0xff, 0xff, 0xff, 0xfd, 0x2a,
    0xff, 0xff, 0xff, 0xff, 0xff, 0xff, 0xf7, 0x7f,
    0xff, 0xff, 0xff, 0xff, 0xff, 0xff, 0x40, 0x34,
    0x44, 0x44, 0x44, 0x44, 0x44, 0x20, 0x0, 0x0,
    0x0, 0x0, 0x0, 0x0, 0x0, 0x0, 0x34, 0x44,
    0x44, 0x44, 0x44, 0x44, 0x20, 0x7f, 0xff, 0xff,
    0xff, 0xff, 0xff, 0xff, 0x4a, 0xff, 0xff, 0xff,
    0xff, 0xff, 0xff, 0xf7, 0x4e, 0xff, 0xff, 0xff,
    0xff, 0xff, 0xfd, 0x20,

    /* U+003E ">" */
    0x29, 0x60, 0x0, 0x0, 0x0, 0x0, 0x0, 0xc,
    0xff, 0xfa, 0x30, 0x0, 0x0, 0x0, 0x0, 0xdf,
    0xff, 0xff, 0xd7, 0x10, 0x0, 0x0, 0x4, 0xdf,
    0xff, 0xff, 0xff, 0xa4, 0x0, 0x0, 0x0, 0x39,
    0xff, 0xff, 0xff, 0xfe, 0x71, 0x0, 0x0, 0x0,
    0x5b, 0xff, 0xff, 0xff, 0xe1, 0x0, 0x0, 0x0,
    0x2, 0x8e, 0xff, 0xff, 0x60, 0x0, 0x0, 0x0,
    0x17, 0xdf, 0xff, 0xf6, 0x0, 0x0, 0x5, 0xbf,
    0xff, 0xff, 0xfe, 0x10, 0x2, 0x8e, 0xff, 0xff,
    0xff, 0xe8, 0x10, 0x3c, 0xff, 0xff, 0xff, 0xfb,
    0x40, 0x0, 0xd, 0xff, 0xff, 0xfd, 0x71, 0x0,
    0x0, 0x0, 0xcf, 0xff, 0xa4, 0x0, 0x0, 0x0,
    0x0, 0x2, 0x96, 0x10, 0x0, 0x0, 0x0, 0x0,
    0x0,

    /* U+003F "?" */
    0x0, 0x28, 0xce, 0xff, 0xd9, 0x30, 0x0, 0xa,
    0xff, 0xff, 0xff, 0xff, 0xf9, 0x0, 0x8f, 0xff,
    0xff, 0xff, 0xff, 0xff, 0x80, 0xbf, 0xff, 0xff,
    0xff, 0xff, 0xff, 0xf0, 0x5f, 0xfd, 0x74, 0x37,
    0xff, 0xff, 0xf3, 0x3, 0x30, 0x0, 0x0, 0xdf,
    0xff, 0xf3, 0x0, 0x0, 0x0, 0x2, 0xff, 0xff,
    0xe0, 0x0, 0x0, 0x0, 0xc, 0xff, 0xff, 0x70,
    0x0, 0x0, 0x0, 0xbf, 0xff, 0xf9, 0x0, 0x0,
    0x0, 0x5, 0xff, 0xff, 0x60, 0x0, 0x0, 0x0,
    0xb, 0xff, 0xf4, 0x0, 0x0, 0x0, 0x0, 0xd,
    0xff, 0x80, 0x0, 0x0, 0x0, 0x0, 0xa, 0xff,
    0x20, 0x0, 0x0, 0x0, 0x0, 0x0, 0x53, 0x0,
    0x0, 0x0, 0x0, 0x0, 0x3, 0x64, 0x0, 0x0,
    0x0, 0x0, 0x0, 0x8f, 0xff, 0xb0, 0x0, 0x0,
    0x0, 0x0, 0xff, 0xff, 0xf4, 0x0, 0x0, 0x0,
    0x1, 0xff, 0xff, 0xf5, 0x0, 0x0, 0x0, 0x0,
    0xdf, 0xff, 0xf2, 0x0, 0x0, 0x0, 0x0, 0x2c,
    0xfe, 0x50, 0x0, 0x0,

    /* U+0040 "@" */
    0x0, 0x0, 0x0, 0x0, 0x49, 0xce, 0xff, 0xfd,
    0xa5, 0x0, 0x0, 0x0, 0x0, 0x0, 0x0, 0x7,
    0xef, 0xff, 0xff, 0xff, 0xff, 0xfe, 0x70, 0x0,
    0x0, 0x0, 0x0, 0x2d, 0xff, 0xff, 0xfe, 0xdd,
    0xef, 0xff, 0xff, 0xc1, 0x0, 0x0, 0x0, 0x3f,
    0xff, 0xfd, 0x61, 0x0, 0x0, 0x4, 0xaf, 0xff,
    0xd1, 0x0, 0x0, 0x2e, 0xff, 0xf6, 0x0, 0x0,
    0x0, 0x0, 0x0, 0x2d, 0xff, 0xb0, 0x0, 0xc,
    0xff, 0xf3, 0x0, 0x0, 0x0, 0x0, 0x0, 0x0,
    0x1e, 0xff, 0x40, 0x5, 0xff, 0xf4, 0x0, 0x4,
    0xbf, 0xfc, 0x51, 0xdf, 0x90, 0x6f, 0xfb, 0x0,
    0xcf, 0xfb, 0x0, 0x8, 0xff, 0xff, 0xff, 0xcf,
    0xff, 0x0, 0xef, 0xf0, 0x2f, 0xff, 0x30, 0x6,
    0xff, 0xff, 0xff, 0xff, 0xff, 0xd0, 0xa, 0xff,
    0x46, 0xff, 0xe0, 0x0, 0xef, 0xff, 0x60, 0xb,
    0xff, 0xfa, 0x0, 0x8f, 0xf6, 0x8f, 0xfb, 0x0,
    0x5f, 0xff, 0x90, 0x0, 0x4f, 0xff, 0x70, 0x7,
    0xff, 0x7a, 0xff, 0x90, 0x9, 0xff, 0xf3, 0x0,
    0x3, 0xff, 0xf5, 0x0, 0x7f, 0xf6, 0xbf, 0xf8,
    0x0, 0xaf, 0xff, 0x10, 0x0, 0x4f, 0xff, 0x20,
    0x8, 0xff, 0x5b, 0xff, 0x80, 0xb, 0xff, 0xf0,
    0x0, 0x7, 0xff, 0xf0, 0x0, 0xcf, 0xf2, 0x9f,
    0xfa, 0x0, 0x9f, 0xff, 0x30, 0x0, 0xdf, 0xff,
    0x0, 0x1f, 0xfe, 0x7, 0xff, 0xd0, 0x6, 0xff,
    0xfb, 0x11, 0xaf, 0xff, 0xf4, 0x1b, 0xff, 0x80,
    0x3f, 0xff, 0x20, 0xe, 0xff, 0xff, 0xff, 0xfd,
    0xff, 0xff, 0xff, 0xe0, 0x0, 0xdf, 0xf8, 0x0,
    0x3f, 0xff, 0xff, 0xf4, 0x3f, 0xff, 0xff, 0xe3,
    0x0, 0x6, 0xff, 0xf3, 0x0, 0x18, 0xbb, 0x82,
    0x0, 0x29, 0xbb, 0x71, 0x0, 0x0, 0xd, 0xff,
    0xe2, 0x0, 0x0, 0x0, 0x0, 0x0, 0x0, 0x0,
    0x0, 0x0, 0x0, 0x2f, 0xff, 0xe5, 0x0, 0x0,
    0x0, 0x0, 0x0, 0x66, 0x0, 0x0, 0x0, 0x0,
    0x4f, 0xff, 0xfc, 0x63, 0x0, 0x2, 0x59, 0xef,
    0xf2, 0x0, 0x0, 0x0, 0x0, 0x2d, 0xff, 0xff,
    0xff, 0xff, 0xff, 0xff, 0xfe, 0x0, 0x0, 0x0,
    0x0, 0x0, 0x6, 0xdf, 0xff, 0xff, 0xff, 0xff,
    0xfa, 0x20, 0x0, 0x0, 0x0, 0x0, 0x0, 0x0,
    0x37, 0xac, 0xcc, 0xb9, 0x51, 0x0, 0x0, 0x0,
    0x0,

    /* U+0041 "A" */
    0x0, 0x0, 0x0, 0x0, 0x2b, 0xfe, 0x50, 0x0,
    0x0, 0x0, 0x0, 0x0, 0x0, 0x0, 0x0, 0xdf,
    0xff, 0xf4, 0x0, 0x0, 0x0, 0x0, 0x0, 0x0,
    0x0, 0x7, 0xff, 0xff, 0xfd, 0x0, 0x0, 0x0,
    0x0, 0x0, 0x0, 0x0, 0xe, 0xff, 0xff, 0xff,
    0x40, 0x0, 0x0, 0x0, 0x0, 0x0, 0x0, 0x6f,
    0xff, 0xff, 0xff, 0xc0, 0x0, 0x0, 0x0, 0x0,
    0x0, 0x0, 0xdf, 0xff, 0xef, 0xff, 0xf3, 0x0,
    0x0, 0x0, 0x0, 0x0, 0x5, 0xff, 0xff, 0x4e,
    0xff, 0xfb, 0x0, 0x0, 0x0, 0x0, 0x0, 0xc,
    0xff, 0xfd, 0x8, 0xff, 0xff, 0x20, 0x0, 0x0,
    0x0, 0x0, 0x4f, 0xff, 0xf6, 0x1, 0xff, 0xff,
    0xa0, 0x0, 0x0, 0x0, 0x0, 0xbf, 0xff, 0xf0,
    0x0, 0xaf, 0xff, 0xf1, 0x0, 0x0, 0x0, 0x3,
    0xff, 0xff, 0x90, 0x0, 0x3f, 0xff, 0xf9, 0x0,
    0x0, 0x0, 0xa, 0xff, 0xff, 0x20, 0x0, 0xc,
    0xff, 0xff, 0x10, 0x0, 0x0, 0x2f, 0xff, 0xff,
    0xff, 0xff, 0xff, 0xff, 0xff, 0x80, 0x0, 0x0,
    0xaf, 0xff, 0xff, 0xff, 0xff, 0xff, 0xff, 0xff,
    0xe0, 0x0, 0x1, 0xff, 0xff, 0xff, 0xff, 0xff,
    0xff, 0xff, 0xff, 0xf7, 0x0, 0x9, 0xff, 0xff,
    0xfe, 0xee, 0xee, 0xee, 0xef, 0xff, 0xfe, 0x0,
    0x1f, 0xff, 0xff, 0x0, 0x0, 0x0, 0x0, 0xa,
    0xff, 0xff, 0x60, 0x6f, 0xff, 0xf9, 0x0, 0x0,
    0x0, 0x0, 0x3, 0xff, 0xff, 0xc0, 0x7f, 0xff,
    0xf1, 0x0, 0x0, 0x0, 0x0, 0x0, 0xbf, 0xff,
    0xe0, 0xb, 0xfe, 0x50, 0x0, 0x0, 0x0, 0x0,
    0x0, 0x1b, 0xfe, 0x50,

    /* U+0042 "B" */
    0x4, 0xdf, 0xff, 0xff, 0xff, 0xfe, 0xc8, 0x10,
    0x0, 0xf, 0xff, 0xff, 0xff, 0xff, 0xff, 0xff,
    0xf5, 0x0, 0x3f, 0xff, 0xff, 0xff, 0xff, 0xff,
    0xff, 0xff, 0x30, 0x3f, 0xff, 0xfe, 0xcc, 0xcc,
    0xef, 0xff, 0xff, 0xb0, 0x3f, 0xff, 0xfb, 0x0,
    0x0, 0x6, 0xff, 0xff, 0xe0, 0x3f, 0xff, 0xfb,
    0x0, 0x0, 0x0, 0xff, 0xff, 0xf0, 0x3f, 0xff,
    0xfb, 0x0, 0x0, 0x0, 0xff, 0xff, 0xd0, 0x3f,
    0xff, 0xfb, 0x0, 0x0, 0x7, 0xff, 0xff, 0x80,
    0x3f, 0xff, 0xfe, 0xcc, 0xcc, 0xef, 0xff, 0xfd,
    0x0, 0x3f, 0xff, 0xff, 0xff, 0xff, 0xff, 0xff,
    0xa1, 0x0, 0x3f, 0xff, 0xff, 0xff, 0xff, 0xff,
    0xff, 0xf7, 0x0, 0x3f, 0xff, 0xff, 0xff, 0xff,
    0xff, 0xff, 0xff, 0x90, 0x3f, 0xff, 0xfb, 0x0,
    0x0, 0x4, 0xef, 0xff, 0xf2, 0x3f, 0xff, 0xfb,
    0x0, 0x0, 0x0, 0x7f, 0xff, 0xf7, 0x3f, 0xff,
    0xfb, 0x0, 0x0, 0x0, 0x6f, 0xff, 0xf8, 0x3f,
    0xff, 0xfb, 0x0, 0x0, 0x1, 0xdf, 0xff, 0xf7,
    0x3f, 0xff, 0xfe, 0xcc, 0xcc, 0xdf, 0xff, 0xff,
    0xf2, 0x3f, 0xff, 0xff, 0xff, 0xff, 0xff, 0xff,
    0xff, 0x90, 0xf, 0xff, 0xff, 0xff, 0xff, 0xff,
    0xff, 0xfa, 0x0, 0x4, 0xdf, 0xff, 0xff, 0xff,
    0xff, 0xd9, 0x30, 0x0,

    /* U+0043 "C" */
    0x0, 0x0, 0x0, 0x59, 0xdf, 0xff, 0xdb, 0x61,
    0x0, 0x0, 0x0, 0x5e, 0xff, 0xff, 0xff, 0xff,
    0xff, 0x50, 0x0, 0xa, 0xff, 0xff, 0xff, 0xff,
    0xff, 0xff, 0xf1, 0x0, 0x9f, 0xff, 0xff, 0xff,
    0xff, 0xff, 0xff, 0xf2, 0x4, 0xff, 0xff, 0xff,
    0xe9, 0x77, 0xae, 0xff, 0xd0, 0xd, 0xff, 0xff,
    0xf7, 0x0, 0x0, 0x0, 0x57, 0x10, 0x3f, 0xff,
    0xff, 0x90, 0x0, 0x0, 0x0, 0x0, 0x0, 0x7f,
    0xff, 0xff, 0x10, 0x0, 0x0, 0x0, 0x0, 0x0,
    0xaf, 0xff, 0xfd, 0x0, 0x0, 0x0, 0x0, 0x0,
    0x0, 0xbf, 0xff, 0xfb, 0x0, 0x0, 0x0, 0x0,
    0x0, 0x0, 0xbf, 0xff, 0xfb, 0x0, 0x0, 0x0,
    0x0, 0x0, 0x0, 0xaf, 0xff, 0xfd, 0x0, 0x0,
    0x0, 0x0, 0x0, 0x0, 0x7f, 0xff, 0xff, 0x10,
    0x0, 0x0, 0x0, 0x0, 0x0, 0x3f, 0xff, 0xff,
    0x90, 0x0, 0x0, 0x0, 0x0, 0x0, 0xd, 0xff,
    0xff, 0xf7, 0x0, 0x0, 0x0, 0x56, 0x10, 0x5,
    0xff, 0xff, 0xff, 0xe9, 0x78, 0xae, 0xff, 0xd0,
    0x0, 0xaf, 0xff, 0xff, 0xff, 0xff, 0xff, 0xff,
    0xf3, 0x0, 0xa, 0xff, 0xff, 0xff, 0xff, 0xff,
    0xff, 0xf2, 0x0, 0x0, 0x6e, 0xff, 0xff, 0xff,
    0xff, 0xff, 0x60, 0x0, 0x0, 0x0, 0x5a, 0xdf,
    0xff, 0xdb, 0x61, 0x0,

    /* U+0044 "D" */
    0x4, 0xdf, 0xff, 0xff, 0xff, 0xed, 0x95, 0x0,
    0x0, 0x0, 0xf, 0xff, 0xff, 0xff, 0xff, 0xff,
    0xff, 0xe7, 0x0, 0x0, 0x3f, 0xff, 0xff, 0xff,
    0xff, 0xff, 0xff, 0xff, 0xb0, 0x0, 0x3f, 0xff,
    0xff, 0xff, 0xff, 0xff, 0xff, 0xff, 0xfb, 0x0,
    0x3f, 0xff, 0xff, 0x22, 0x22, 0x5a, 0xff, 0xff,
    0xff, 0x60, 0x3f, 0xff, 0xff, 0x0, 0x0, 0x0,
    0x3e, 0xff, 0xff, 0xe0, 0x3f, 0xff, 0xff, 0x0,
    0x0, 0x0, 0x5, 0xff, 0xff, 0xf4, 0x3f, 0xff,
    0xff, 0x0, 0x0, 0x0, 0x0, 0xef, 0xff, 0xf8,
    0x3f, 0xff, 0xff, 0x0, 0x0, 0x0, 0x0, 0xbf,
    0xff, 0xfa, 0x3f, 0xff, 0xff, 0x0, 0x0, 0x0,
    0x0, 0x9f, 0xff, 0xfb, 0x3f, 0xff, 0xff, 0x0,
    0x0, 0x0, 0x0, 0x9f, 0xff, 0xfb, 0x3f, 0xff,
    0xff, 0x0, 0x0, 0x0, 0x0, 0xbf, 0xff, 0xfa,
    0x3f, 0xff, 0xff, 0x0, 0x0, 0x0, 0x0, 0xef,
    0xff, 0xf8, 0x3f, 0xff, 0xff, 0x0, 0x0, 0x0,
    0x5, 0xff, 0xff, 0xf4, 0x3f, 0xff, 0xff, 0x0,
    0x0, 0x0, 0x3f, 0xff, 0xff, 0xe0, 0x3f, 0xff,
    0xff, 0x22, 0x23, 0x5a, 0xff, 0xff, 0xff, 0x60,
    0x3f, 0xff, 0xff, 0xff, 0xff, 0xff, 0xff, 0xff,
    0xfb, 0x0, 0x3f, 0xff, 0xff, 0xff, 0xff, 0xff,
    0xff, 0xff, 0xb0, 0x0, 0xf, 0xff, 0xff, 0xff,
    0xff, 0xff, 0xff, 0xe6, 0x0, 0x0, 0x4, 0xdf,
    0xff, 0xff, 0xff, 0xec, 0x95, 0x0, 0x0, 0x0,

    /* U+0045 "E" */
    0x4, 0xdf, 0xff, 0xff, 0xff, 0xff, 0xfe, 0x60,
    0xff, 0xff, 0xff, 0xff, 0xff, 0xff, 0xfe, 0x3f,
    0xff, 0xff, 0xff, 0xff, 0xff, 0xff, 0xe3, 0xff,
    0xff, 0xff, 0xff, 0xff, 0xff, 0xe5, 0x3f, 0xff,
    0xfb, 0x0, 0x0, 0x0, 0x0, 0x3, 0xff, 0xff,
    0xb0, 0x0, 0x0, 0x0, 0x0, 0x3f, 0xff, 0xfb,
    0x0, 0x0, 0x0, 0x0, 0x3, 0xff, 0xff, 0xb0,
    0x0, 0x0, 0x0, 0x0, 0x3f, 0xff, 0xff, 0xff,
    0xff, 0xff, 0xfa, 0x3, 0xff, 0xff, 0xff, 0xff,
    0xff, 0xff, 0xf4, 0x3f, 0xff, 0xff, 0xff, 0xff,
    0xff, 0xff, 0x53, 0xff, 0xff, 0xff, 0xff, 0xff,
    0xff, 0xb0, 0x3f, 0xff, 0xfb, 0x0, 0x0, 0x0,
    0x0, 0x3, 0xff, 0xff, 0xb0, 0x0, 0x0, 0x0,
    0x0, 0x3f, 0xff, 0xfb, 0x0, 0x0, 0x0, 0x0,
    0x3, 0xff, 0xff, 0xb0, 0x0, 0x0, 0x0, 0x0,
    0x3f, 0xff, 0xff, 0xff, 0xff, 0xff, 0xfe, 0x53,
    0xff, 0xff, 0xff, 0xff, 0xff, 0xff, 0xfe, 0xf,
    0xff, 0xff, 0xff, 0xff, 0xff, 0xff, 0xe0, 0x4d,
    0xff, 0xff, 0xff, 0xff, 0xff, 0xe6,

    /* U+0046 "F" */
    0x4, 0xdf, 0xff, 0xff, 0xff, 0xff, 0xfe, 0x40,
    0xff, 0xff, 0xff, 0xff, 0xff, 0xff, 0xfc, 0x3f,
    0xff, 0xff, 0xff, 0xff, 0xff, 0xff, 0xb3, 0xff,
    0xff, 0xff, 0xff, 0xff, 0xff, 0xd4, 0x3f, 0xff,
    0xff, 0x0, 0x0, 0x0, 0x0, 0x3, 0xff, 0xff,
    0xf0, 0x0, 0x0, 0x0, 0x0, 0x3f, 0xff, 0xff,
    0x0, 0x0, 0x0, 0x0, 0x3, 0xff, 0xff, 0xf0,
    0x0, 0x0, 0x0, 0x0, 0x3f, 0xff, 0xff, 0xff,
    0xff, 0xff, 0xf9, 0x3, 0xff, 0xff, 0xff, 0xff,
    0xff, 0xff, 0xf2, 0x3f, 0xff, 0xff, 0xff, 0xff,
    0xff, 0xff, 0x23, 0xff, 0xff, 0xfe, 0xee, 0xee,
    0xee, 0x80, 0x3f, 0xff, 0xff, 0x0, 0x0, 0x0,
    0x0, 0x3, 0xff, 0xff, 0xf0, 0x0, 0x0, 0x0,
    0x0, 0x3f, 0xff, 0xff, 0x0, 0x0, 0x0, 0x0,
    0x3, 0xff, 0xff, 0xf0, 0x0, 0x0, 0x0, 0x0,
    0x3f, 0xff, 0xff, 0x0, 0x0, 0x0, 0x0, 0x3,
    0xff, 0xff, 0xe0, 0x0, 0x0, 0x0, 0x0, 0xf,
    0xff, 0xfc, 0x0, 0x0, 0x0, 0x0, 0x0, 0x5d,
    0xfc, 0x20, 0x0, 0x0, 0x0, 0x0,

    /* U+0047 "G" */
    0x0, 0x0, 0x0, 0x38, 0xce, 0xff, 0xfd, 0xa5,
    0x0, 0x0, 0x0, 0x4, 0xdf, 0xff, 0xff, 0xff,
    0xff, 0xfe, 0x50, 0x0, 0x8, 0xff, 0xff, 0xff,
    0xff, 0xff, 0xff, 0xff, 0x0, 0x8, 0xff, 0xff,
    0xff, 0xff, 0xff, 0xff, 0xff, 0xf1, 0x3, 0xff,
    0xff, 0xff, 0xd8, 0x66, 0x7a, 0xef, 0xfa, 0x0,
    0xcf, 0xff, 0xff, 0x70, 0x0, 0x0, 0x0, 0x45,
    0x0, 0x2f, 0xff, 0xff, 0x80, 0x0, 0x0, 0x0,
    0x0, 0x0, 0x7, 0xff, 0xff, 0xf1, 0x0, 0x0,
    0x0, 0x0, 0x0, 0x0, 0x9f, 0xff, 0xfc, 0x0,
    0x0, 0x18, 0x99, 0x99, 0x83, 0xb, 0xff, 0xff,
    0xa0, 0x0, 0xb, 0xff, 0xff, 0xff, 0xf1, 0xbf,
    0xff, 0xfa, 0x0, 0x0, 0xdf, 0xff, 0xff, 0xff,
    0x4a, 0xff, 0xff, 0xc0, 0x0, 0x5, 0xef, 0xff,
    0xff, 0xf4, 0x7f, 0xff, 0xff, 0x0, 0x0, 0x0,
    0x0, 0xff, 0xff, 0x43, 0xff, 0xff, 0xf7, 0x0,
    0x0, 0x0, 0xf, 0xff, 0xf4, 0xd, 0xff, 0xff,
    0xf5, 0x0, 0x0, 0x0, 0xff, 0xff, 0x40, 0x5f,
    0xff, 0xff, 0xfc, 0x75, 0x56, 0x9f, 0xff, 0xf4,
    0x0, 0xaf, 0xff, 0xff, 0xff, 0xff, 0xff, 0xff,
    0xff, 0x40, 0x0, 0xaf, 0xff, 0xff, 0xff, 0xff,
    0xff, 0xff, 0xf2, 0x0, 0x0, 0x6e, 0xff, 0xff,
    0xff, 0xff, 0xff, 0xf9, 0x0, 0x0, 0x0, 0x5,
    0xad, 0xff, 0xfe, 0xca, 0x62, 0x0,

    /* U+0048 "H" */
    0x5, 0xef, 0xc2, 0x0, 0x0, 0x0, 0x0, 0x2c,
    0xfe, 0x50, 0xf, 0xff, 0xfc, 0x0, 0x0, 0x0,
    0x0, 0xbf, 0xff, 0xf1, 0x3f, 0xff, 0xfe, 0x0,
    0x0, 0x0, 0x0, 0xef, 0xff, 0xf3, 0x3f, 0xff,
    0xff, 0x0, 0x0, 0x0, 0x0, 0xef, 0xff, 0xf3,
    0x3f, 0xff, 0xff, 0x0, 0x0, 0x0, 0x0, 0xef,
    0xff, 0xf3, 0x3f, 0xff, 0xff, 0x0, 0x0, 0x0,
    0x0, 0xef, 0xff, 0xf3, 0x3f, 0xff, 0xff, 0x0,
    0x0, 0x0, 0x0, 0xef, 0xff, 0xf3, 0x3f, 0xff,
    0xff, 0x33, 0x33, 0x33, 0x33, 0xef, 0xff, 0xf3,
    0x3f, 0xff, 0xff, 0xff, 0xff, 0xff, 0xff, 0xff,
    0xff, 0xf3, 0x3f, 0xff, 0xff, 0xff, 0xff, 0xff,
    0xff, 0xff, 0xff, 0xf3, 0x3f, 0xff, 0xff, 0xff,
    0xff, 0xff, 0xff, 0xff, 0xff, 0xf3, 0x3f, 0xff,
    0xff, 0xff, 0xff, 0xff, 0xff, 0xff, 0xff, 0xf3,
    0x3f, 0xff, 0xff, 0x0, 0x0, 0x0, 0x0, 0xef,
    0xff, 0xf3, 0x3f, 0xff, 0xff, 0x0, 0x0, 0x0,
    0x0, 0xef, 0xff, 0xf3, 0x3f, 0xff, 0xff, 0x0,
    0x0, 0x0, 0x0, 0xef, 0xff, 0xf3, 0x3f, 0xff,
    0xff, 0x0, 0x0, 0x0, 0x0, 0xef, 0xff, 0xf3,
    0x3f, 0xff, 0xff, 0x0, 0x0, 0x0, 0x0, 0xef,
    0xff, 0xf3, 0x3f, 0xff, 0xfe, 0x0, 0x0, 0x0,
    0x0, 0xef, 0xff, 0xf3, 0xf, 0xff, 0xfc, 0x0,
    0x0, 0x0, 0x0, 0xbf, 0xff, 0xf1, 0x5, 0xef,
    0xc2, 0x0, 0x0, 0x0, 0x0, 0x2c, 0xfe, 0x50,

    /* U+0049 "I" */
    0x5, 0xef, 0xc2, 0xf, 0xff, 0xfc, 0x3f, 0xff,
    0xfe, 0x3f, 0xff, 0xff, 0x3f, 0xff, 0xff, 0x3f,
    0xff, 0xff, 0x3f, 0xff, 0xff, 0x3f, 0xff, 0xff,
    0x3f, 0xff, 0xff, 0x3f, 0xff, 0xff, 0x3f, 0xff,
    0xff, 0x3f, 0xff, 0xff, 0x3f, 0xff, 0xff, 0x3f,
    0xff, 0xff, 0x3f, 0xff, 0xff, 0x3f, 0xff, 0xff,
    0x3f, 0xff, 0xff, 0x3f, 0xff, 0xfe, 0xf, 0xff,
    0xfc, 0x5, 0xef, 0xc2,

    /* U+004A "J" */
    0x0, 0x0, 0x3, 0xdf, 0xd5, 0x0, 0x0, 0x0,
    0xdf, 0xff, 0xf0, 0x0, 0x0, 0xf, 0xff, 0xff,
    0x20, 0x0, 0x0, 0xff, 0xff, 0xf2, 0x0, 0x0,
    0xf, 0xff, 0xff, 0x20, 0x0, 0x0, 0xff, 0xff,
    0xf2, 0x0, 0x0, 0xf, 0xff, 0xff, 0x20, 0x0,
    0x0, 0xff, 0xff, 0xf2, 0x0, 0x0, 0xf, 0xff,
    0xff, 0x20, 0x0, 0x0, 0xff, 0xff, 0xf2, 0x0,
    0x0, 0xf, 0xff, 0xff, 0x20, 0x0, 0x0, 0xff,
    0xff, 0xf2, 0x0, 0x0, 0xf, 0xff, 0xff, 0x20,
    0x0, 0x0, 0xff, 0xff, 0xf2, 0x0, 0x0, 0xf,
    0xff, 0xff, 0x20, 0x0, 0x8, 0xff, 0xff, 0xf0,
    0x1d, 0xff, 0xff, 0xff, 0xfc, 0x6, 0xff, 0xff,
    0xff, 0xff, 0x40, 0x4f, 0xff, 0xff, 0xff, 0x70,
    0x0, 0x9f, 0xff, 0xda, 0x30, 0x0,

    /* U+004B "K" */
    0x5, 0xef, 0xc2, 0x0, 0x0, 0x0, 0x6, 0xef,
    0xb0, 0xf, 0xff, 0xfc, 0x0, 0x0, 0x0, 0x7f,
    0xff, 0xf6, 0x3f, 0xff, 0xfe, 0x0, 0x0, 0x6,
    0xff, 0xff, 0xf5, 0x3f, 0xff, 0xff, 0x0, 0x0,
    0x5f, 0xff, 0xff, 0xb0, 0x3f, 0xff, 0xff, 0x0,
    0x4, 0xff, 0xff, 0xfc, 0x0, 0x3f, 0xff, 0xff,
    0x0, 0x3f, 0xff, 0xff, 0xc0, 0x0, 0x3f, 0xff,
    0xff, 0x2, 0xef, 0xff, 0xfd, 0x10, 0x0, 0x3f,
    0xff, 0xff, 0x1e, 0xff, 0xff, 0xd1, 0x0, 0x0,
    0x3f, 0xff, 0xff, 0xdf, 0xff, 0xfd, 0x10, 0x0,
    0x0, 0x3f, 0xff, 0xff, 0xff, 0xff, 0xf3, 0x0,
    0x0, 0x0, 0x3f, 0xff, 0xff, 0xff, 0xff, 0xfc,
    0x0, 0x0, 0x0, 0x3f, 0xff, 0xff, 0x8f, 0xff,
    0xff, 0xb0, 0x0, 0x0, 0x3f, 0xff, 0xff, 0x9,
    0xff, 0xff, 0xfa, 0x0, 0x0, 0x3f, 0xff, 0xff,
    0x0, 0xbf, 0xff, 0xff, 0x80, 0x0, 0x3f, 0xff,
    0xff, 0x0, 0xc, 0xff, 0xff, 0xf6, 0x0, 0x3f,
    0xff, 0xff, 0x0, 0x1, 0xdf, 0xff, 0xff, 0x50,
    0x3f, 0xff, 0xff, 0x0, 0x0, 0x1e, 0xff, 0xff,
    0xf3, 0x3f, 0xff, 0xfe, 0x0, 0x0, 0x2, 0xef,
    0xff, 0xfc, 0xf, 0xff, 0xfc, 0x0, 0x0, 0x0,
    0x3f, 0xff, 0xfc, 0x5, 0xef, 0xc2, 0x0, 0x0,
    0x0, 0x3, 0xcf, 0xd4,

    /* U+004C "L" */
    0x5, 0xef, 0xc2, 0x0, 0x0, 0x0, 0x0, 0x0,
    0xff, 0xff, 0xb0, 0x0, 0x0, 0x0, 0x0, 0x3f,
    0xff, 0xfe, 0x0, 0x0, 0x0, 0x0, 0x3, 0xff,
    0xff, 0xf0, 0x0, 0x0, 0x0, 0x0, 0x3f, 0xff,
    0xff, 0x0, 0x0, 0x0, 0x0, 0x3, 0xff, 0xff,
    0xf0, 0x0, 0x0, 0x0, 0x0, 0x3f, 0xff, 0xff,
    0x0, 0x0, 0x0, 0x0, 0x3, 0xff, 0xff, 0xf0,
    0x0, 0x0, 0x0, 0x0, 0x3f, 0xff, 0xff, 0x0,
    0x0, 0x0, 0x0, 0x3, 0xff, 0xff, 0xf0, 0x0,
    0x0, 0x0, 0x0, 0x3f, 0xff, 0xff, 0x0, 0x0,
    0x0, 0x0, 0x3, 0xff, 0xff, 0xf0, 0x0, 0x0,
    0x0, 0x0, 0x3f, 0xff, 0xff, 0x0, 0x0, 0x0,
    0x0, 0x3, 0xff, 0xff, 0xf0, 0x0, 0x0, 0x0,
    0x0, 0x3f, 0xff, 0xff, 0x0, 0x0, 0x0, 0x0,
    0x3, 0xff, 0xff, 0xf4, 0x44, 0x44, 0x44, 0x20,
    0x3f, 0xff, 0xff, 0xff, 0xff, 0xff, 0xff, 0x83,
    0xff, 0xff, 0xff, 0xff, 0xff, 0xff, 0xff, 0xf,
    0xff, 0xff, 0xff, 0xff, 0xff, 0xff, 0xe0, 0x4d,
    0xff, 0xff, 0xff, 0xff, 0xff, 0xe5,

    /* U+004D "M" */
    0x5, 0xef, 0xc2, 0x0, 0x0, 0x0, 0x0, 0x0,
    0x3, 0xdf, 0xd3, 0xf, 0xff, 0xfd, 0x0, 0x0,
    0x0, 0x0, 0x0, 0x1e, 0xff, 0xfc, 0x2f, 0xff,
    0xff, 0x60, 0x0, 0x0, 0x0, 0x0, 0x8f, 0xff,
    0xfe, 0x2f, 0xff, 0xff, 0xe1, 0x0, 0x0, 0x0,
    0x2, 0xff, 0xff, 0xfe, 0x2f, 0xff, 0xff, 0xf8,
    0x0, 0x0, 0x0, 0xa, 0xff, 0xff, 0xfe, 0x2f,
    0xff, 0xff, 0xff, 0x20, 0x0, 0x0, 0x3f, 0xff,
    0xff, 0xfe, 0x2f, 0xff, 0xff, 0xff, 0xa0, 0x0,
    0x0, 0xcf, 0xff, 0xff, 0xfe, 0x2f, 0xff, 0xff,
    0xff, 0xf3, 0x0, 0x5, 0xff, 0xff, 0xff, 0xfe,
    0x2f, 0xff, 0xff, 0xff, 0xfc, 0x0, 0xe, 0xff,
    0xff, 0xff, 0xfe, 0x2f, 0xff, 0xfd, 0xff, 0xff,
    0x50, 0x7f, 0xff, 0xfd, 0xff, 0xfe, 0x2f, 0xff,
    0xf8, 0xcf, 0xff, 0xe2, 0xff, 0xff, 0x7c, 0xff,
    0xfe, 0x2f, 0xff, 0xf8, 0x3f, 0xff, 0xfe, 0xff,
    0xfd, 0xc, 0xff, 0xfe, 0x2f, 0xff, 0xf8, 0x9,
    0xff, 0xff, 0xff, 0xf5, 0xc, 0xff, 0xfe, 0x2f,
    0xff, 0xf8, 0x1, 0xef, 0xff, 0xff, 0xb0, 0xc,
    0xff, 0xfe, 0x2f, 0xff, 0xf8, 0x0, 0x6f, 0xff,
    0xff, 0x20, 0xc, 0xff, 0xfe, 0x2f, 0xff, 0xf8,
    0x0, 0xd, 0xff, 0xf9, 0x0, 0xc, 0xff, 0xfe,
    0x2f, 0xff, 0xf8, 0x0, 0x3, 0xef, 0xc0, 0x0,
    0xc, 0xff, 0xfe, 0x2f, 0xff, 0xf7, 0x0, 0x0,
    0x1, 0x0, 0x0, 0xb, 0xff, 0xfe, 0xf, 0xff,
    0xf6, 0x0, 0x0, 0x0, 0x0, 0x0, 0xa, 0xff,
    0xfc, 0x6, 0xef, 0xa0, 0x0, 0x0, 0x0, 0x0,
    0x0, 0x2, 0xcf, 0xd3,

    /* U+004E "N" */
    0x6, 0xef, 0x90, 0x0, 0x0, 0x0, 0x0, 0x8f,
    0xf9, 0x1, 0xff, 0xff, 0x90, 0x0, 0x0, 0x0,
    0x3f, 0xff, 0xf4, 0x3f, 0xff, 0xff, 0x60, 0x0,
    0x0, 0x5, 0xff, 0xff, 0x63, 0xff, 0xff, 0xff,
    0x30, 0x0, 0x0, 0x5f, 0xff, 0xf6, 0x3f, 0xff,
    0xff, 0xfe, 0x10, 0x0, 0x5, 0xff, 0xff, 0x63,
    0xff, 0xff, 0xff, 0xfc, 0x0, 0x0, 0x5f, 0xff,
    0xf6, 0x3f, 0xff, 0xff, 0xff, 0xfa, 0x0, 0x5,
    0xff, 0xff, 0x63, 0xff, 0xff, 0xff, 0xff, 0xf7,
    0x0, 0x5f, 0xff, 0xf6, 0x3f, 0xff, 0xfe, 0xff,
    0xff, 0xf4, 0x5, 0xff, 0xff, 0x63, 0xff, 0xff,
    0x9a, 0xff, 0xff, 0xf2, 0x5f, 0xff, 0xf6, 0x3f,
    0xff, 0xf9, 0xc, 0xff, 0xff, 0xd6, 0xff, 0xff,
    0x63, 0xff, 0xff, 0x90, 0x1e, 0xff, 0xff, 0xef,
    0xff, 0xf6, 0x3f, 0xff, 0xf9, 0x0, 0x3f, 0xff,
    0xff, 0xff, 0xff, 0x63, 0xff, 0xff, 0x90, 0x0,
    0x6f, 0xff, 0xff, 0xff, 0xf6, 0x3f, 0xff, 0xf9,
    0x0, 0x0, 0x9f, 0xff, 0xff, 0xff, 0x63, 0xff,
    0xff, 0x90, 0x0, 0x0, 0xcf, 0xff, 0xff, 0xf6,
    0x3f, 0xff, 0xf9, 0x0, 0x0, 0x1, 0xef, 0xff,
    0xff, 0x63, 0xff, 0xff, 0x90, 0x0, 0x0, 0x3,
    0xff, 0xff, 0xf6, 0x1f, 0xff, 0xf7, 0x0, 0x0,
    0x0, 0x6, 0xff, 0xff, 0x40, 0x6e, 0xfb, 0x0,
    0x0, 0x0, 0x0, 0x6, 0xef, 0x90,

    /* U+004F "O" */
    0x0, 0x0, 0x0, 0x6a, 0xdf, 0xff, 0xd9, 0x40,
    0x0, 0x0, 0x0, 0x0, 0x6, 0xef, 0xff, 0xff,
    0xff, 0xff, 0xc2, 0x0, 0x0, 0x0, 0xa, 0xff,
    0xff, 0xff, 0xff, 0xff, 0xff, 0xf5, 0x0, 0x0,
    0x9, 0xff, 0xff, 0xff, 0xff, 0xff, 0xff, 0xff,
    0xf4, 0x0, 0x5, 0xff, 0xff, 0xff, 0x95, 0x46,
    0xcf, 0xff, 0xff, 0xe0, 0x0, 0xdf, 0xff, 0xff,
    0x30, 0x0, 0x0, 0x8f, 0xff, 0xff, 0x70, 0x3f,
    0xff, 0xff, 0x60, 0x0, 0x0, 0x0, 0xcf, 0xff,
    0xfd, 0x7, 0xff, 0xff, 0xf0, 0x0, 0x0, 0x0,
    0x5, 0xff, 0xff, 0xf1, 0xaf, 0xff, 0xfc, 0x0,
    0x0, 0x0, 0x0, 0x2f, 0xff, 0xff, 0x4b, 0xff,
    0xff, 0xa0, 0x0, 0x0, 0x0, 0x0, 0xff, 0xff,
    0xf5, 0xbf, 0xff, 0xfa, 0x0, 0x0, 0x0, 0x0,
    0xf, 0xff, 0xff, 0x5a, 0xff, 0xff, 0xc0, 0x0,
    0x0, 0x0, 0x2, 0xff, 0xff, 0xf4, 0x7f, 0xff,
    0xff, 0x0, 0x0, 0x0, 0x0, 0x6f, 0xff, 0xff,
    0x13, 0xff, 0xff, 0xf6, 0x0, 0x0, 0x0, 0xc,
    0xff, 0xff, 0xd0, 0xd, 0xff, 0xff, 0xf3, 0x0,
    0x0, 0x8, 0xff, 0xff, 0xf7, 0x0, 0x4f, 0xff,
    0xff, 0xfa, 0x54, 0x7c, 0xff, 0xff, 0xfe, 0x0,
    0x0, 0x9f, 0xff, 0xff, 0xff, 0xff, 0xff, 0xff,
    0xff, 0x40, 0x0, 0x0, 0xaf, 0xff, 0xff, 0xff,
    0xff, 0xff, 0xff, 0x50, 0x0, 0x0, 0x0, 0x6e,
    0xff, 0xff, 0xff, 0xff, 0xfc, 0x30, 0x0, 0x0,
    0x0, 0x0, 0x6, 0xad, 0xff, 0xec, 0x93, 0x0,
    0x0, 0x0,

    /* U+0050 "P" */
    0x5, 0xdf, 0xff, 0xff, 0xff, 0xfe, 0xc7, 0x10,
    0x0, 0xf, 0xff, 0xff, 0xff, 0xff, 0xff, 0xff,
    0xe4, 0x0, 0x3f, 0xff, 0xff, 0xff, 0xff, 0xff,
    0xff, 0xff, 0x20, 0x3f, 0xff, 0xff, 0xee, 0xee,
    0xff, 0xff, 0xff, 0xb0, 0x3f, 0xff, 0xff, 0x0,
    0x0, 0x18, 0xff, 0xff, 0xf1, 0x3f, 0xff, 0xff,
    0x0, 0x0, 0x0, 0xcf, 0xff, 0xf3, 0x3f, 0xff,
    0xff, 0x0, 0x0, 0x0, 0x9f, 0xff, 0xf4, 0x3f,
    0xff, 0xff, 0x0, 0x0, 0x0, 0xcf, 0xff, 0xf3,
    0x3f, 0xff, 0xff, 0x0, 0x0, 0x18, 0xff, 0xff,
    0xf1, 0x3f, 0xff, 0xff, 0xee, 0xee, 0xff, 0xff,
    0xff, 0xb0, 0x3f, 0xff, 0xff, 0xff, 0xff, 0xff,
    0xff, 0xff, 0x20, 0x3f, 0xff, 0xff, 0xff, 0xff,
    0xff, 0xff, 0xe4, 0x0, 0x3f, 0xff, 0xff, 0xff,
    0xff, 0xfe, 0xc7, 0x10, 0x0, 0x3f, 0xff, 0xff,
    0x0, 0x0, 0x0, 0x0, 0x0, 0x0, 0x3f, 0xff,
    0xff, 0x0, 0x0, 0x0, 0x0, 0x0, 0x0, 0x3f,
    0xff, 0xff, 0x0, 0x0, 0x0, 0x0, 0x0, 0x0,
    0x3f, 0xff, 0xff, 0x0, 0x0, 0x0, 0x0, 0x0,
    0x0, 0x3f, 0xff, 0xfe, 0x0, 0x0, 0x0, 0x0,
    0x0, 0x0, 0xf, 0xff, 0xfc, 0x0, 0x0, 0x0,
    0x0, 0x0, 0x0, 0x5, 0xef, 0xc2, 0x0, 0x0,
    0x0, 0x0, 0x0, 0x0,

    /* U+0051 "Q" */
    0x0, 0x0, 0x0, 0x6a, 0xdf, 0xff, 0xd9, 0x40,
    0x0, 0x0, 0x0, 0x0, 0x6, 0xef, 0xff, 0xff,
    0xff, 0xff, 0xc2, 0x0, 0x0, 0x0, 0xa, 0xff,
    0xff, 0xff, 0xff, 0xff, 0xff, 0xf5, 0x0, 0x0,
    0x9, 0xff, 0xff, 0xff, 0xff, 0xff, 0xff, 0xff,
    0xf4, 0x0, 0x5, 0xff, 0xff, 0xff, 0x95, 0x46,
    0xcf, 0xff, 0xff, 0xe0, 0x0, 0xdf, 0xff, 0xff,
    0x30, 0x0, 0x0, 0x8f, 0xff, 0xff, 0x70, 0x3f,
    0xff, 0xff, 0x60, 0x0, 0x0, 0x0, 0xcf, 0xff,
    0xfd, 0x7, 0xff, 0xff, 0xf0, 0x0, 0x0, 0x0,
    0x5, 0xff, 0xff, 0xf1, 0xaf, 0xff, 0xfc, 0x0,
    0x0, 0x0, 0x0, 0x2f, 0xff, 0xff, 0x4b, 0xff,
    0xff, 0xa0, 0x0, 0x0, 0x0, 0x0, 0xff, 0xff,
    0xf5, 0xbf, 0xff, 0xfa, 0x0, 0x0, 0x0, 0x0,
    0xf, 0xff, 0xff, 0x5a, 0xff, 0xff, 0xc0, 0x0,
    0x0, 0x0, 0x2, 0xff, 0xff, 0xf4, 0x7f, 0xff,
    0xff, 0x0, 0x0, 0x0, 0x0, 0x6f, 0xff, 0xff,
    0x13, 0xff, 0xff, 0xf6, 0x0, 0x0, 0x0, 0xc,
    0xff, 0xff, 0xd0, 0xd, 0xff, 0xff, 0xf3, 0x0,
    0x0, 0x8, 0xff, 0xff, 0xf7, 0x0, 0x4f, 0xff,
    0xff, 0xfa, 0x54, 0x7c, 0xff, 0xff, 0xfe, 0x0,
    0x0, 0x9f, 0xff, 0xff, 0xff, 0xff, 0xff, 0xff,
    0xff, 0x40, 0x0, 0x0, 0xaf, 0xff, 0xff, 0xff,
    0xff, 0xff, 0xff, 0x50, 0x0, 0x0, 0x0, 0x6e,
    0xff, 0xff, 0xff, 0xff, 0xfe, 0x30, 0x0, 0x0,
    0x0, 0x0, 0x6, 0xad, 0xff, 0xff, 0xff, 0xfc,
    0x10, 0x0, 0x0, 0x0, 0x0, 0x0, 0x0, 0x3,
    0xdf, 0xff, 0xfb, 0x0, 0x0, 0x0, 0x0, 0x0,
    0x0, 0x0, 0x3, 0xff, 0xff, 0xf5, 0x0, 0x0,
    0x0, 0x0, 0x0, 0x0, 0x0, 0x9, 0xff, 0xff,
    0xe0, 0x0, 0x0, 0x0, 0x0, 0x0, 0x0, 0x0,
    0x1e, 0xff, 0xff, 0x10, 0x0, 0x0, 0x0, 0x0,
    0x0, 0x0, 0x0, 0x5f, 0xff, 0xb0, 0x0, 0x0,
    0x0, 0x0, 0x0, 0x0, 0x0, 0x0, 0x37, 0x50,
    0x0,

    /* U+0052 "R" */
    0x5, 0xdf, 0xff, 0xff, 0xff, 0xfe, 0xc7, 0x10,
    0x0, 0xf, 0xff, 0xff, 0xff, 0xff, 0xff, 0xff,
    0xe4, 0x0, 0x3f, 0xff, 0xff, 0xff, 0xff, 0xff,
    0xff, 0xff, 0x30, 0x3f, 0xff, 0xff, 0xee, 0xee,
    0xff, 0xff, 0xff, 0xc0, 0x3f, 0xff, 0xff, 0x0,
    0x0, 0x18, 0xff, 0xff, 0xf1, 0x3f, 0xff, 0xff,
    0x0, 0x0, 0x0, 0xcf, 0xff, 0xf4, 0x3f, 0xff,
    0xff, 0x0, 0x0, 0x0, 0x9f, 0xff, 0xf4, 0x3f,
    0xff, 0xff, 0x0, 0x0, 0x0, 0xbf, 0xff, 0xf3,
    0x3f, 0xff, 0xff, 0x0, 0x0, 0x6, 0xff, 0xff,
    0xf0, 0x3f, 0xff, 0xff, 0xdd, 0xdd, 0xff, 0xff,
    0xff, 0x90, 0x3f, 0xff, 0xff, 0xff, 0xff, 0xff,
    0xff, 0xfd, 0x10, 0x3f, 0xff, 0xff, 0xff, 0xff,
    0xff, 0xff, 0xb1, 0x0, 0x3f, 0xff, 0xff, 0xcc,
    0xef, 0xff, 0xfa, 0x0, 0x0, 0x3f, 0xff, 0xff,
    0x0, 0xb, 0xff, 0xff, 0xc0, 0x0, 0x3f, 0xff,
    0xff, 0x0, 0x1, 0xff, 0xff, 0xf8, 0x0, 0x3f,
    0xff, 0xff, 0x0, 0x0, 0x7f, 0xff, 0xff, 0x20,
    0x3f, 0xff, 0xff, 0x0, 0x0, 0xe, 0xff, 0xff,
    0xb0, 0x3f, 0xff, 0xfe, 0x0, 0x0, 0x5, 0xff,
    0xff, 0xf3, 0xf, 0xff, 0xfc, 0x0, 0x0, 0x0,
    0xbf, 0xff, 0xf4, 0x5, 0xef, 0xc3, 0x0, 0x0,
    0x0, 0x1a, 0xff, 0xa0,

    /* U+0053 "S" */
    0x0, 0x0, 0x38, 0xce, 0xff, 0xeb, 0x82, 0x0,
    0x0, 0x1, 0xbf, 0xff, 0xff, 0xff, 0xff, 0xfa,
    0x0, 0x1, 0xef, 0xff, 0xff, 0xff, 0xff, 0xff,
    0xf6, 0x0, 0xbf, 0xff, 0xff, 0xff, 0xff, 0xff,
    0xff, 0x80, 0x3f, 0xff, 0xff, 0xb5, 0x33, 0x58,
    0xef, 0xe2, 0x6, 0xff, 0xff, 0xb0, 0x0, 0x0,
    0x0, 0x20, 0x0, 0x7f, 0xff, 0xfa, 0x0, 0x0,
    0x0, 0x0, 0x0, 0x5, 0xff, 0xff, 0xfa, 0x51,
    0x0, 0x0, 0x0, 0x0, 0x1f, 0xff, 0xff, 0xff,
    0xfe, 0xa7, 0x20, 0x0, 0x0, 0x7f, 0xff, 0xff,
    0xff, 0xff, 0xff, 0xc3, 0x0, 0x0, 0x6f, 0xff,
    0xff, 0xff, 0xff, 0xff, 0xf4, 0x0, 0x0, 0x16,
    0xbe, 0xff, 0xff, 0xff, 0xff, 0xe0, 0x0, 0x0,
    0x0, 0x1, 0x58, 0xdf, 0xff, 0xff, 0x50, 0x0,
    0x0, 0x0, 0x0, 0x0, 0xcf, 0xff, 0xf7, 0x5,
    0x72, 0x0, 0x0, 0x0, 0xa, 0xff, 0xff, 0x76,
    0xff, 0xfc, 0x85, 0x33, 0x49, 0xff, 0xff, 0xf3,
    0xcf, 0xff, 0xff, 0xff, 0xff, 0xff, 0xff, 0xfc,
    0x9, 0xff, 0xff, 0xff, 0xff, 0xff, 0xff, 0xfe,
    0x20, 0xa, 0xff, 0xff, 0xff, 0xff, 0xff, 0xfc,
    0x20, 0x0, 0x1, 0x69, 0xce, 0xff, 0xec, 0x94,
    0x0, 0x0,

    /* U+0054 "T" */
    0x7, 0xef, 0xff, 0xff, 0xff, 0xff, 0xff, 0xff,
    0xff, 0x70, 0xf, 0xff, 0xff, 0xff, 0xff, 0xff,
    0xff, 0xff, 0xff, 0xf0, 0xf, 0xff, 0xff, 0xff,
    0xff, 0xff, 0xff, 0xff, 0xff, 0xf1, 0x9, 0xff,
    0xff, 0xff, 0xff, 0xff, 0xff, 0xff, 0xff, 0x90,
    0x0, 0x12, 0x22, 0x2a, 0xff, 0xff, 0xa2, 0x22,
    0x21, 0x0, 0x0, 0x0, 0x0, 0x9, 0xff, 0xff,
    0x90, 0x0, 0x0, 0x0, 0x0, 0x0, 0x0, 0x9,
    0xff, 0xff, 0x90, 0x0, 0x0, 0x0, 0x0, 0x0,
    0x0, 0x9, 0xff, 0xff, 0x90, 0x0, 0x0, 0x0,
    0x0, 0x0, 0x0, 0x9, 0xff, 0xff, 0x90, 0x0,
    0x0, 0x0, 0x0, 0x0, 0x0, 0x9, 0xff, 0xff,
    0x90, 0x0, 0x0, 0x0, 0x0, 0x0, 0x0, 0x9,
    0xff, 0xff, 0x90, 0x0, 0x0, 0x0, 0x0, 0x0,
    0x0, 0x9, 0xff, 0xff, 0x90, 0x0, 0x0, 0x0,
    0x0, 0x0, 0x0, 0x9, 0xff, 0xff, 0x90, 0x0,
    0x0, 0x0, 0x0, 0x0, 0x0, 0x9, 0xff, 0xff,
    0x90, 0x0, 0x0, 0x0, 0x0, 0x0, 0x0, 0x9,
    0xff, 0xff, 0x90, 0x0, 0x0, 0x0, 0x0, 0x0,
    0x0, 0x9, 0xff, 0xff, 0x90, 0x0, 0x0, 0x0,
    0x0, 0x0, 0x0, 0x9, 0xff, 0xff, 0x90, 0x0,
    0x0, 0x0, 0x0, 0x0, 0x0, 0x8, 0xff, 0xff,
    0x90, 0x0, 0x0, 0x0, 0x0, 0x0, 0x0, 0x5,
    0xff, 0xff, 0x60, 0x0, 0x0, 0x0, 0x0, 0x0,
    0x0, 0x0, 0x9f, 0xfa, 0x0, 0x0, 0x0, 0x0,

    /* U+0055 "U" */
    0x7, 0xef, 0xb1, 0x0, 0x0, 0x0, 0x1, 0xbf,
    0xe7, 0x2, 0xff, 0xff, 0xa0, 0x0, 0x0, 0x0,
    0x9f, 0xff, 0xf2, 0x5f, 0xff, 0xfc, 0x0, 0x0,
    0x0, 0xc, 0xff, 0xff, 0x45, 0xff, 0xff, 0xc0,
    0x0, 0x0, 0x0, 0xcf, 0xff, 0xf4, 0x5f, 0xff,
    0xfc, 0x0, 0x0, 0x0, 0xc, 0xff, 0xff, 0x45,
    0xff, 0xff, 0xc0, 0x0, 0x0, 0x0, 0xcf, 0xff,
    0xf4, 0x5f, 0xff, 0xfc, 0x0, 0x0, 0x0, 0xc,
    0xff, 0xff, 0x45, 0xff, 0xff, 0xc0, 0x0, 0x0,
    0x0, 0xcf, 0xff, 0xf4, 0x5f, 0xff, 0xfc, 0x0,
    0x0, 0x0, 0xc, 0xff, 0xff, 0x45, 0xff, 0xff,
    0xc0, 0x0, 0x0, 0x0, 0xcf, 0xff, 0xf4, 0x5f,
    0xff, 0xfc, 0x0, 0x0, 0x0, 0xc, 0xff, 0xff,
    0x45, 0xff, 0xff, 0xc0, 0x0, 0x0, 0x0, 0xcf,
    0xff, 0xf4, 0x4f, 0xff, 0xfe, 0x0, 0x0, 0x0,
    0xd, 0xff, 0xff, 0x32, 0xff, 0xff, 0xf1, 0x0,
    0x0, 0x1, 0xff, 0xff, 0xf2, 0xf, 0xff, 0xff,
    0xa0, 0x0, 0x0, 0xaf, 0xff, 0xfe, 0x0, 0xaf,
    0xff, 0xff, 0xc6, 0x46, 0xcf, 0xff, 0xff, 0x90,
    0x2, 0xff, 0xff, 0xff, 0xff, 0xff, 0xff, 0xff,
    0xf2, 0x0, 0x6, 0xff, 0xff, 0xff, 0xff, 0xff,
    0xff, 0xf5, 0x0, 0x0, 0x4, 0xef, 0xff, 0xff,
    0xff, 0xff, 0xe5, 0x0, 0x0, 0x0, 0x0, 0x6a,
    0xdf, 0xff, 0xda, 0x60, 0x0, 0x0,

    /* U+0056 "V" */
    0xa, 0xfe, 0x80, 0x0, 0x0, 0x0, 0x0, 0x0,
    0x8e, 0xf8, 0x6, 0xff, 0xff, 0x50, 0x0, 0x0,
    0x0, 0x0, 0x5f, 0xff, 0xf3, 0x7f, 0xff, 0xfd,
    0x0, 0x0, 0x0, 0x0, 0xd, 0xff, 0xff, 0x42,
    0xff, 0xff, 0xf4, 0x0, 0x0, 0x0, 0x4, 0xff,
    0xff, 0xe0, 0xa, 0xff, 0xff, 0xb0, 0x0, 0x0,
    0x0, 0xbf, 0xff, 0xf7, 0x0, 0x3f, 0xff, 0xff,
    0x20, 0x0, 0x0, 0x2f, 0xff, 0xff, 0x0, 0x0,
    0xcf, 0xff, 0xf9, 0x0, 0x0, 0x9, 0xff, 0xff,
    0x80, 0x0, 0x4, 0xff, 0xff, 0xf0, 0x0, 0x0,
    0xff, 0xff, 0xf1, 0x0, 0x0, 0xd, 0xff, 0xff,
    0x70, 0x0, 0x7f, 0xff, 0xfa, 0x0, 0x0, 0x0,
    0x6f, 0xff, 0xfd, 0x0, 0xd, 0xff, 0xff, 0x20,
    0x0, 0x0, 0x0, 0xef, 0xff, 0xf4, 0x5, 0xff,
    0xff, 0xb0, 0x0, 0x0, 0x0, 0x7, 0xff, 0xff,
    0xb0, 0xcf, 0xff, 0xf4, 0x0, 0x0, 0x0, 0x0,
    0xf, 0xff, 0xff, 0x6f, 0xff, 0xfc, 0x0, 0x0,
    0x0, 0x0, 0x0, 0x8f, 0xff, 0xff, 0xff, 0xff,
    0x50, 0x0, 0x0, 0x0, 0x0, 0x1, 0xff, 0xff,
    0xff, 0xff, 0xd0, 0x0, 0x0, 0x0, 0x0, 0x0,
    0xa, 0xff, 0xff, 0xff, 0xf6, 0x0, 0x0, 0x0,
    0x0, 0x0, 0x0, 0x2f, 0xff, 0xff, 0xfe, 0x0,
    0x0, 0x0, 0x0, 0x0, 0x0, 0x0, 0xbf, 0xff,
    0xff, 0x70, 0x0, 0x0, 0x0, 0x0, 0x0, 0x0,
    0x3, 0xff, 0xff, 0xe1, 0x0, 0x0, 0x0, 0x0,
    0x0, 0x0, 0x0, 0x5, 0xef, 0xd3, 0x0, 0x0,
    0x0, 0x0,

    /* U+0057 "W" */
    0x3, 0xdf, 0xd4, 0x0, 0x0, 0x0, 0x0, 0x7f,
    0xe7, 0x0, 0x0, 0x0, 0x0, 0x5e, 0xfb, 0x0,
    0xcf, 0xff, 0xe0, 0x0, 0x0, 0x0, 0x4f, 0xff,
    0xf2, 0x0, 0x0, 0x0, 0x1f, 0xff, 0xf6, 0xc,
    0xff, 0xff, 0x50, 0x0, 0x0, 0xb, 0xff, 0xff,
    0x80, 0x0, 0x0, 0x6, 0xff, 0xff, 0x60, 0x8f,
    0xff, 0xfa, 0x0, 0x0, 0x1, 0xff, 0xff, 0xfe,
    0x0, 0x0, 0x0, 0xcf, 0xff, 0xf1, 0x2, 0xff,
    0xff, 0xf0, 0x0, 0x0, 0x6f, 0xff, 0xff, 0xf3,
    0x0, 0x0, 0x1f, 0xff, 0xfb, 0x0, 0xc, 0xff,
    0xff, 0x50, 0x0, 0xc, 0xff, 0xff, 0xff, 0x90,
    0x0, 0x7, 0xff, 0xff, 0x60, 0x0, 0x6f, 0xff,
    0xfa, 0x0, 0x2, 0xff, 0xff, 0xff, 0xfe, 0x0,
    0x0, 0xcf, 0xff, 0xf0, 0x0, 0x1, 0xff, 0xff,
    0xf0, 0x0, 0x8f, 0xff, 0xff, 0xff, 0xf4, 0x0,
    0x2f, 0xff, 0xfa, 0x0, 0x0, 0xa, 0xff, 0xff,
    0x50, 0xd, 0xff, 0xfb, 0xff, 0xff, 0x90, 0x8,
    0xff, 0xff, 0x40, 0x0, 0x0, 0x5f, 0xff, 0xfb,
    0x3, 0xff, 0xff, 0x4a, 0xff, 0xfe, 0x0, 0xdf,
    0xff, 0xe0, 0x0, 0x0, 0x0, 0xef, 0xff, 0xf0,
    0x9f, 0xff, 0xe0, 0x4f, 0xff, 0xf4, 0x3f, 0xff,
    0xf8, 0x0, 0x0, 0x0, 0x9, 0xff, 0xff, 0x6e,
    0xff, 0xf8, 0x0, 0xef, 0xff, 0xa8, 0xff, 0xff,
    0x20, 0x0, 0x0, 0x0, 0x3f, 0xff, 0xfe, 0xff,
    0xff, 0x30, 0x8, 0xff, 0xff, 0xef, 0xff, 0xd0,
    0x0, 0x0, 0x0, 0x0, 0xdf, 0xff, 0xff, 0xff,
    0xd0, 0x0, 0x3f, 0xff, 0xff, 0xff, 0xf7, 0x0,
    0x0, 0x0, 0x0, 0x8, 0xff, 0xff, 0xff, 0xf7,
    0x0, 0x0, 0xdf, 0xff, 0xff, 0xff, 0x10, 0x0,
    0x0, 0x0, 0x0, 0x2f, 0xff, 0xff, 0xff, 0x10,
    0x0, 0x7, 0xff, 0xff, 0xff, 0xb0, 0x0, 0x0,
    0x0, 0x0, 0x0, 0xcf, 0xff, 0xff, 0xb0, 0x0,
    0x0, 0x1f, 0xff, 0xff, 0xf5, 0x0, 0x0, 0x0,
    0x0, 0x0, 0x6, 0xff, 0xff, 0xf5, 0x0, 0x0,
    0x0, 0xcf, 0xff, 0xff, 0x0, 0x0, 0x0, 0x0,
    0x0, 0x0, 0xe, 0xff, 0xfe, 0x0, 0x0, 0x0,
    0x5, 0xff, 0xff, 0x90, 0x0, 0x0, 0x0, 0x0,
    0x0, 0x0, 0x4d, 0xfd, 0x30, 0x0, 0x0, 0x0,
    0x8, 0xef, 0xa0, 0x0, 0x0, 0x0,

    /* U+0058 "X" */
    0xa, 0xfe, 0x50, 0x0, 0x0, 0x0, 0x1a, 0xfe,
    0x60, 0x7f, 0xff, 0xf5, 0x0, 0x0, 0x0, 0xcf,
    0xff, 0xf1, 0x8f, 0xff, 0xff, 0x20, 0x0, 0x8,
    0xff, 0xff, 0xf1, 0x1e, 0xff, 0xff, 0xc0, 0x0,
    0x4f, 0xff, 0xff, 0x90, 0x4, 0xff, 0xff, 0xf8,
    0x1, 0xef, 0xff, 0xfd, 0x0, 0x0, 0x8f, 0xff,
    0xff, 0x4b, 0xff, 0xff, 0xf2, 0x0, 0x0, 0xc,
    0xff, 0xff, 0xff, 0xff, 0xff, 0x50, 0x0, 0x0,
    0x1, 0xef, 0xff, 0xff, 0xff, 0xf8, 0x0, 0x0,
    0x0, 0x0, 0x3f, 0xff, 0xff, 0xff, 0xc0, 0x0,
    0x0, 0x0, 0x0, 0x7, 0xff, 0xff, 0xfe, 0x10,
    0x0, 0x0, 0x0, 0x0, 0x9, 0xff, 0xff, 0xff,
    0x20, 0x0, 0x0, 0x0, 0x0, 0x5f, 0xff, 0xff,
    0xff, 0xd0, 0x0, 0x0, 0x0, 0x2, 0xff, 0xff,
    0xff, 0xff, 0xfa, 0x0, 0x0, 0x0, 0xd, 0xff,
    0xff, 0xef, 0xff, 0xff, 0x70, 0x0, 0x0, 0xaf,
    0xff, 0xff, 0x29, 0xff, 0xff, 0xf3, 0x0, 0x6,
    0xff, 0xff, 0xf6, 0x0, 0xcf, 0xff, 0xfe, 0x10,
    0x3f, 0xff, 0xff, 0xa0, 0x0, 0x2f, 0xff, 0xff,
    0xb0, 0xbf, 0xff, 0xfd, 0x0, 0x0, 0x5, 0xff,
    0xff, 0xf4, 0xaf, 0xff, 0xf3, 0x0, 0x0, 0x0,
    0xaf, 0xff, 0xf3, 0x1c, 0xfd, 0x40, 0x0, 0x0,
    0x0, 0x9, 0xfe, 0x70,

    /* U+0059 "Y" */
    0x8, 0xff, 0x90, 0x0, 0x0, 0x0, 0x7, 0xef,
    0xa0, 0x3f, 0xff, 0xf9, 0x0, 0x0, 0x0, 0x6f,
    0xff, 0xf6, 0x4f, 0xff, 0xff, 0x40, 0x0, 0x2,
    0xff, 0xff, 0xf6, 0xd, 0xff, 0xff, 0xe1, 0x0,
    0xc, 0xff, 0xff, 0xd0, 0x3, 0xff, 0xff, 0xfa,
    0x0, 0x7f, 0xff, 0xff, 0x30, 0x0, 0x7f, 0xff,
    0xff, 0x52, 0xff, 0xff, 0xf8, 0x0, 0x0, 0xc,
    0xff, 0xff, 0xed, 0xff, 0xff, 0xc0, 0x0, 0x0,
    0x2, 0xff, 0xff, 0xff, 0xff, 0xff, 0x20, 0x0,
    0x0, 0x0, 0x5f, 0xff, 0xff, 0xff, 0xf6, 0x0,
    0x0, 0x0, 0x0, 0xa, 0xff, 0xff, 0xff, 0xb0,
    0x0, 0x0, 0x0, 0x0, 0x1, 0xef, 0xff, 0xfe,
    0x10, 0x0, 0x0, 0x0, 0x0, 0x0, 0x9f, 0xff,
    0xf9, 0x0, 0x0, 0x0, 0x0, 0x0, 0x0, 0x9f,
    0xff, 0xf9, 0x0, 0x0, 0x0, 0x0, 0x0, 0x0,
    0x9f, 0xff, 0xf9, 0x0, 0x0, 0x0, 0x0, 0x0,
    0x0, 0x9f, 0xff, 0xf9, 0x0, 0x0, 0x0, 0x0,
    0x0, 0x0, 0x9f, 0xff, 0xf9, 0x0, 0x0, 0x0,
    0x0, 0x0, 0x0, 0x9f, 0xff, 0xf9, 0x0, 0x0,
    0x0, 0x0, 0x0, 0x0, 0x8f, 0xff, 0xf9, 0x0,
    0x0, 0x0, 0x0, 0x0, 0x0, 0x5f, 0xff, 0xf6,
    0x0, 0x0, 0x0, 0x0, 0x0, 0x0, 0x9, 0xff,
    0xa0, 0x0, 0x0, 0x0,

    /* U+005A "Z" */
    0x5, 0xef, 0xff, 0xff, 0xff, 0xff, 0xff, 0xfb,
    0x10, 0xe, 0xff, 0xff, 0xff, 0xff, 0xff, 0xff,
    0xff, 0x80, 0xf, 0xff, 0xff, 0xff, 0xff, 0xff,
    0xff, 0xff, 0xb0, 0x7, 0xff, 0xff, 0xff, 0xff,
    0xff, 0xff, 0xff, 0x70, 0x0, 0x13, 0x33, 0x33,
    0x33, 0xcf, 0xff, 0xfe, 0x10, 0x0, 0x0, 0x0,
    0x0, 0x6, 0xff, 0xff, 0xf4, 0x0, 0x0, 0x0,
    0x0, 0x0, 0x3f, 0xff, 0xff, 0x70, 0x0, 0x0,
    0x0, 0x0, 0x1, 0xef, 0xff, 0xfa, 0x0, 0x0,
    0x0, 0x0, 0x0, 0xc, 0xff, 0xff, 0xd0, 0x0,
    0x0, 0x0, 0x0, 0x0, 0x8f, 0xff, 0xff, 0x20,
    0x0, 0x0, 0x0, 0x0, 0x5, 0xff, 0xff, 0xf5,
    0x0, 0x0, 0x0, 0x0, 0x0, 0x2f, 0xff, 0xff,
    0x80, 0x0, 0x0, 0x0, 0x0, 0x0, 0xdf, 0xff,
    0xfb, 0x0, 0x0, 0x0, 0x0, 0x0, 0xa, 0xff,
    0xff, 0xe1, 0x0, 0x0, 0x0, 0x0, 0x0, 0x7f,
    0xff, 0xff, 0x30, 0x0, 0x0, 0x0, 0x0, 0x3,
    0xff, 0xff, 0xf9, 0x33, 0x33, 0x33, 0x32, 0x0,
    0xb, 0xff, 0xff, 0xff, 0xff, 0xff, 0xff, 0xff,
    0xb0, 0xf, 0xff, 0xff, 0xff, 0xff, 0xff, 0xff,
    0xff, 0xf2, 0xc, 0xff, 0xff, 0xff, 0xff, 0xff,
    0xff, 0xff, 0xf1, 0x3, 0xcf, 0xff, 0xff, 0xff,
    0xff, 0xff, 0xff, 0x70,

    /* U+005B "[" */
    0x6, 0xff, 0xff, 0xfe, 0x61, 0xff, 0xff, 0xff,
    0xff, 0x2f, 0xff, 0xff, 0xff, 0xd2, 0xff, 0xff,
    0xfa, 0x92, 0x2f, 0xff, 0xfd, 0x0, 0x2, 0xff,
    0xff, 0xd0, 0x0, 0x2f, 0xff, 0xfd, 0x0, 0x2,
    0xff, 0xff, 0xd0, 0x0, 0x2f, 0xff, 0xfd, 0x0,
    0x2, 0xff, 0xff, 0xd0, 0x0, 0x2f, 0xff, 0xfd,
    0x0, 0x2, 0xff, 0xff, 0xd0, 0x0, 0x2f, 0xff,
    0xfd, 0x0, 0x2, 0xff, 0xff, 0xd0, 0x0, 0x2f,
    0xff, 0xfd, 0x0, 0x2, 0xff, 0xff, 0xd0, 0x0,
    0x2f, 0xff, 0xfd, 0x0, 0x2, 0xff, 0xff, 0xd0,
    0x0, 0x2f, 0xff, 0xfd, 0x0, 0x2, 0xff, 0xff,
    0xd0, 0x0, 0x2f, 0xff, 0xfd, 0x0, 0x2, 0xff,
    0xff, 0xfa, 0x92, 0x2f, 0xff, 0xff, 0xff, 0xd1,
    0xff, 0xff, 0xff, 0xff, 0x6, 0xff, 0xff, 0xfe,
    0x60,

    /* U+005C "\\" */
    0x8, 0xfd, 0x20, 0x0, 0x0, 0x0, 0x1f, 0xff,
    0xa0, 0x0, 0x0, 0x0, 0xf, 0xff, 0xf0, 0x0,
    0x0, 0x0, 0xb, 0xff, 0xf4, 0x0, 0x0, 0x0,
    0x5, 0xff, 0xf9, 0x0, 0x0, 0x0, 0x1, 0xff,
    0xfe, 0x0, 0x0, 0x0, 0x0, 0xbf, 0xff, 0x40,
    0x0, 0x0, 0x0, 0x6f, 0xff, 0x90, 0x0, 0x0,
    0x0, 0x1f, 0xff, 0xe0, 0x0, 0x0, 0x0, 0xc,
    0xff, 0xf3, 0x0, 0x0, 0x0, 0x6, 0xff, 0xf8,
    0x0, 0x0, 0x0, 0x1, 0xff, 0xfe, 0x0, 0x0,
    0x0, 0x0, 0xcf, 0xff, 0x30, 0x0, 0x0, 0x0,
    0x7f, 0xff, 0x80, 0x0, 0x0, 0x0, 0x2f, 0xff,
    0xd0, 0x0, 0x0, 0x0, 0xc, 0xff, 0xf2, 0x0,
    0x0, 0x0, 0x7, 0xff, 0xf7, 0x0, 0x0, 0x0,
    0x2, 0xff, 0xfd, 0x0, 0x0, 0x0, 0x0, 0xdf,
    0xff, 0x20, 0x0, 0x0, 0x0, 0x8f, 0xff, 0x70,
    0x0, 0x0, 0x0, 0x2f, 0xff, 0xc0, 0x0, 0x0,
    0x0, 0xd, 0xff, 0xe0, 0x0, 0x0, 0x0, 0x4,
    0xee, 0x50,

    /* U+005D "]" */
    0x3d, 0xff, 0xff, 0xf9, 0xb, 0xff, 0xff, 0xff,
    0xf4, 0x9f, 0xff, 0xff, 0xff, 0x50, 0x8a, 0xdf,
    0xff, 0xf5, 0x0, 0xa, 0xff, 0xff, 0x50, 0x0,
    0xaf, 0xff, 0xf5, 0x0, 0xa, 0xff, 0xff, 0x50,
    0x0, 0xaf, 0xff, 0xf5, 0x0, 0xa, 0xff, 0xff,
    0x50, 0x0, 0xaf, 0xff, 0xf5, 0x0, 0xa, 0xff,
    0xff, 0x50, 0x0, 0xaf, 0xff, 0xf5, 0x0, 0xa,
    0xff, 0xff, 0x50, 0x0, 0xaf, 0xff, 0xf5, 0x0,
    0xa, 0xff, 0xff, 0x50, 0x0, 0xaf, 0xff, 0xf5,
    0x0, 0xa, 0xff, 0xff, 0x50, 0x0, 0xaf, 0xff,
    0xf5, 0x0, 0xa, 0xff, 0xff, 0x50, 0x0, 0xaf,
    0xff, 0xf5, 0x0, 0xa, 0xff, 0xff, 0x50, 0x8a,
    0xef, 0xff, 0xf5, 0x9f, 0xff, 0xff, 0xff, 0x5b,
    0xff, 0xff, 0xff, 0xf4, 0x3d, 0xff, 0xff, 0xf9,
    0x0,

    /* U+005E "^" */
    0x0, 0x0, 0x3, 0xdf, 0xc1, 0x0, 0x0, 0x0,
    0x0, 0x0, 0xef, 0xff, 0xb0, 0x0, 0x0, 0x0,
    0x0, 0x5f, 0xff, 0xff, 0x20, 0x0, 0x0, 0x0,
    0xb, 0xff, 0xff, 0xf8, 0x0, 0x0, 0x0, 0x2,
    0xff, 0xff, 0xff, 0xe0, 0x0, 0x0, 0x0, 0x8f,
    0xff, 0x5f, 0xff, 0x50, 0x0, 0x0, 0xe, 0xff,
    0xa0, 0xdf, 0xfb, 0x0, 0x0, 0x5, 0xff, 0xf4,
    0x7, 0xff, 0xf2, 0x0, 0x0, 0xbf, 0xfd, 0x0,
    0x1f, 0xff, 0x80, 0x0, 0x2f, 0xff, 0x70, 0x0,
    0xaf, 0xfe, 0x0, 0x8, 0xff, 0xf1, 0x0, 0x4,
    0xff, 0xf5, 0x0, 0xef, 0xfb, 0x0, 0x0, 0xe,
    0xff, 0xb0, 0x2f, 0xff, 0x50, 0x0, 0x0, 0x8f,
    0xff, 0x0, 0xcf, 0xa0, 0x0, 0x0, 0x1, 0xcf,
    0x90,

    /* U+005F "_" */
    0x3c, 0xdd, 0xdd, 0xdd, 0xdd, 0xdd, 0xc3, 0xaf,
    0xff, 0xff, 0xff, 0xff, 0xff, 0xfa, 0x5f, 0xff,
    0xff, 0xff, 0xff, 0xff, 0xf5,

    /* U+0060 "`" */
    0x5, 0xcb, 0x10, 0x1, 0xff, 0xf8, 0x0, 0x1f,
    0xff, 0xf1, 0x0, 0x6f, 0xff, 0x80, 0x0, 0xaf,
    0xff, 0x10, 0x1, 0xdf, 0xf5, 0x0, 0x3, 0xdb,
    0x0,

    /* U+0061 "a" */
    0x0, 0x4, 0x9c, 0xef, 0xfe, 0xb5, 0x0, 0x0,
    0xb, 0xff, 0xff, 0xff, 0xff, 0xfc, 0x10, 0x3,
    0xff, 0xff, 0xff, 0xff, 0xff, 0xfb, 0x0, 0x1f,
    0xff, 0xda, 0x9b, 0xff, 0xff, 0xf2, 0x0, 0x26,
    0x20, 0x0, 0x5, 0xff, 0xff, 0x60, 0x0, 0x0,
    0x24, 0x55, 0x7f, 0xff, 0xf8, 0x0, 0x6c, 0xff,
    0xff, 0xff, 0xff, 0xff, 0x80, 0x8f, 0xff, 0xff,
    0xff, 0xff, 0xff, 0xf8, 0xf, 0xff, 0xfe, 0x41,
    0x3, 0xff, 0xff, 0x82, 0xff, 0xff, 0x90, 0x0,
    0x7f, 0xff, 0xf8, 0xf, 0xff, 0xff, 0x64, 0x8f,
    0xff, 0xff, 0x80, 0xaf, 0xff, 0xff, 0xff, 0xff,
    0xff, 0xf8, 0x1, 0xcf, 0xff, 0xff, 0xf7, 0xff,
    0xff, 0x60, 0x0, 0x6c, 0xff, 0xd6, 0x5, 0xef,
    0xa0,

    /* U+0062 "b" */
    0xa, 0xfe, 0x80, 0x0, 0x0, 0x0, 0x0, 0x0,
    0x6f, 0xff, 0xf4, 0x0, 0x0, 0x0, 0x0, 0x0,
    0x8f, 0xff, 0xf6, 0x0, 0x0, 0x0, 0x0, 0x0,
    0x8f, 0xff, 0xf7, 0x0, 0x0, 0x0, 0x0, 0x0,
    0x8f, 0xff, 0xf7, 0x0, 0x0, 0x0, 0x0, 0x0,
    0x8f, 0xff, 0xf7, 0x0, 0x0, 0x0, 0x0, 0x0,
    0x8f, 0xff, 0xf7, 0x29, 0xef, 0xea, 0x30, 0x0,
    0x8f, 0xff, 0xfa, 0xff, 0xff, 0xff, 0xf7, 0x0,
    0x8f, 0xff, 0xff, 0xff, 0xff, 0xff, 0xff, 0x50,
    0x8f, 0xff, 0xff, 0xfb, 0xbf, 0xff, 0xff, 0xe0,
    0x8f, 0xff, 0xfe, 0x20, 0x3, 0xff, 0xff, 0xf3,
    0x8f, 0xff, 0xf8, 0x0, 0x0, 0xaf, 0xff, 0xf6,
    0x8f, 0xff, 0xf6, 0x0, 0x0, 0x7f, 0xff, 0xf8,
    0x8f, 0xff, 0xf6, 0x0, 0x0, 0x7f, 0xff, 0xf8,
    0x8f, 0xff, 0xf9, 0x0, 0x0, 0xaf, 0xff, 0xf6,
    0x8f, 0xff, 0xff, 0x20, 0x3, 0xff, 0xff, 0xf3,
    0x8f, 0xff, 0xff, 0xfb, 0xbf, 0xff, 0xff, 0xd0,
    0x8f, 0xff, 0xff, 0xff, 0xff, 0xff, 0xff, 0x50,
    0x6f, 0xff, 0xf6, 0xff, 0xff, 0xff, 0xf7, 0x0,
    0xa, 0xfe, 0x70, 0x29, 0xef, 0xea, 0x30, 0x0,

    /* U+0063 "c" */
    0x0, 0x0, 0x29, 0xdf, 0xfe, 0xc7, 0x10, 0x0,
    0x9, 0xff, 0xff, 0xff, 0xff, 0xe0, 0x0, 0xbf,
    0xff, 0xff, 0xff, 0xff, 0xf2, 0x6, 0xff, 0xff,
    0xff, 0xcc, 0xff, 0xe0, 0xd, 0xff, 0xff, 0xc1,
    0x0, 0x4, 0x10, 0xf, 0xff, 0xff, 0x20, 0x0,
    0x0, 0x0, 0x2f, 0xff, 0xff, 0x0, 0x0, 0x0,
    0x0, 0x2f, 0xff, 0xff, 0x0, 0x0, 0x0, 0x0,
    0xf, 0xff, 0xff, 0x30, 0x0, 0x0, 0x0, 0xc,
    0xff, 0xff, 0xc1, 0x0, 0x4, 0x10, 0x5, 0xff,
    0xff, 0xff, 0xcc, 0xff, 0xd0, 0x0, 0xaf, 0xff,
    0xff, 0xff, 0xff, 0xf2, 0x0, 0x9, 0xff, 0xff,
    0xff, 0xff, 0xd0, 0x0, 0x0, 0x28, 0xcf, 0xfe,
    0xc7, 0x10,

    /* U+0064 "d" */
    0x0, 0x0, 0x0, 0x0, 0x0, 0x4, 0xdf, 0xc2,
    0x0, 0x0, 0x0, 0x0, 0x0, 0xe, 0xff, 0xfc,
    0x0, 0x0, 0x0, 0x0, 0x0, 0xf, 0xff, 0xfe,
    0x0, 0x0, 0x0, 0x0, 0x0, 0xf, 0xff, 0xff,
    0x0, 0x0, 0x0, 0x0, 0x0, 0xf, 0xff, 0xff,
    0x0, 0x0, 0x0, 0x0, 0x0, 0xf, 0xff, 0xff,
    0x0, 0x1, 0x8d, 0xff, 0xb5, 0xf, 0xff, 0xff,
    0x0, 0x3e, 0xff, 0xff, 0xff, 0x9f, 0xff, 0xff,
    0x1, 0xef, 0xff, 0xff, 0xff, 0xff, 0xff, 0xff,
    0x8, 0xff, 0xff, 0xfd, 0xad, 0xff, 0xff, 0xff,
    0xe, 0xff, 0xff, 0x80, 0x0, 0xbf, 0xff, 0xff,
    0x1f, 0xff, 0xff, 0x0, 0x0, 0x2f, 0xff, 0xff,
    0x2f, 0xff, 0xfd, 0x0, 0x0, 0xf, 0xff, 0xff,
    0x2f, 0xff, 0xfd, 0x0, 0x0, 0xf, 0xff, 0xff,
    0x1f, 0xff, 0xff, 0x0, 0x0, 0x3f, 0xff, 0xff,
    0xd, 0xff, 0xff, 0x90, 0x0, 0xbf, 0xff, 0xff,
    0x8, 0xff, 0xff, 0xfd, 0xae, 0xff, 0xff, 0xff,
    0x0, 0xef, 0xff, 0xff, 0xff, 0xff, 0xff, 0xfe,
    0x0, 0x2e, 0xff, 0xff, 0xff, 0x8d, 0xff, 0xfc,
    0x0, 0x1, 0x8d, 0xff, 0xb5, 0x3, 0xdf, 0xd3,

    /* U+0065 "e" */
    0x0, 0x0, 0x39, 0xdf, 0xfe, 0xa3, 0x0, 0x0,
    0x0, 0x9f, 0xff, 0xff, 0xff, 0xf9, 0x0, 0x0,
    0xaf, 0xff, 0xff, 0xff, 0xff, 0xf8, 0x0, 0x5f,
    0xff, 0xfc, 0x53, 0x7f, 0xff, 0xf2, 0xc, 0xff,
    0xfe, 0x0, 0x0, 0x8f, 0xff, 0x80, 0xff, 0xff,
    0xc5, 0x55, 0x58, 0xff, 0xfb, 0x2f, 0xff, 0xff,
    0xff, 0xff, 0xff, 0xff, 0xd2, 0xff, 0xff, 0xff,
    0xff, 0xff, 0xff, 0xfa, 0xf, 0xff, 0xfb, 0x0,
    0x0, 0x0, 0x0, 0x0, 0xcf, 0xff, 0xf6, 0x0,
    0x0, 0x15, 0x30, 0x4, 0xff, 0xff, 0xfe, 0xba,
    0xdf, 0xff, 0x30, 0x9, 0xff, 0xff, 0xff, 0xff,
    0xff, 0xf6, 0x0, 0x7, 0xff, 0xff, 0xff, 0xff,
    0xfe, 0x10, 0x0, 0x1, 0x7b, 0xef, 0xfe, 0xb6,
    0x0,

    /* U+0066 "f" */
    0x0, 0x0, 0x0, 0x0, 0x0, 0x0, 0x0, 0x0,
    0x1, 0x7b, 0xef, 0xf6, 0x0, 0x0, 0x6f, 0xff,
    0xff, 0xfe, 0x0, 0x5, 0xff, 0xff, 0xff, 0xfb,
    0x0, 0xd, 0xff, 0xff, 0xe9, 0x71, 0x0, 0x2f,
    0xff, 0xfd, 0x0, 0x0, 0x0, 0x5f, 0xff, 0xfa,
    0x0, 0x0, 0x7f, 0xff, 0xff, 0xff, 0xff, 0x90,
    0xef, 0xff, 0xff, 0xff, 0xff, 0xf0, 0xdf, 0xff,
    0xff, 0xff, 0xff, 0xf0, 0x29, 0xcf, 0xff, 0xfd,
    0xaa, 0x40, 0x0, 0x6f, 0xff, 0xf9, 0x0, 0x0,
    0x0, 0x6f, 0xff, 0xf9, 0x0, 0x0, 0x0, 0x6f,
    0xff, 0xf9, 0x0, 0x0, 0x0, 0x6f, 0xff, 0xf9,
    0x0, 0x0, 0x0, 0x6f, 0xff, 0xf9, 0x0, 0x0,
    0x0, 0x6f, 0xff, 0xf9, 0x0, 0x0, 0x0, 0x6f,
    0xff, 0xf9, 0x0, 0x0, 0x0, 0x5f, 0xff, 0xf9,
    0x0, 0x0, 0x0, 0x3f, 0xff, 0xf7, 0x0, 0x0,
    0x0, 0x7, 0xef, 0xb0, 0x0, 0x0,

    /* U+0067 "g" */
    0x0, 0x1, 0x8d, 0xff, 0xc6, 0x2, 0xcf, 0xe4,
    0x0, 0x2, 0xef, 0xff, 0xff, 0xfb, 0xbf, 0xff,
    0xe0, 0x0, 0xef, 0xff, 0xff, 0xff, 0xff, 0xff,
    0xff, 0x10, 0x7f, 0xff, 0xff, 0xda, 0xdf, 0xff,
    0xff, 0xf1, 0xd, 0xff, 0xff, 0x90, 0x0, 0x9f,
    0xff, 0xff, 0x11, 0xff, 0xff, 0xf1, 0x0, 0x1,
    0xff, 0xff, 0xf1, 0x2f, 0xff, 0xfd, 0x0, 0x0,
    0xd, 0xff, 0xff, 0x12, 0xff, 0xff, 0xd0, 0x0,
    0x0, 0xdf, 0xff, 0xf1, 0x1f, 0xff, 0xff, 0x10,
    0x0, 0x1f, 0xff, 0xff, 0x10, 0xdf, 0xff, 0xfa,
    0x0, 0xa, 0xff, 0xff, 0xf1, 0x7, 0xff, 0xff,
    0xfd, 0xad, 0xff, 0xff, 0xff, 0x10, 0xd, 0xff,
    0xff, 0xff, 0xff, 0xff, 0xff, 0xf1, 0x0, 0x2e,
    0xff, 0xff, 0xff, 0xac, 0xff, 0xff, 0x0, 0x0,
    0x18, 0xdf, 0xfc, 0x50, 0xdf, 0xff, 0xf0, 0x0,
    0x48, 0x30, 0x0, 0x0, 0x6f, 0xff, 0xfb, 0x0,
    0x2f, 0xff, 0xeb, 0xaa, 0xdf, 0xff, 0xff, 0x50,
    0x5, 0xff, 0xff, 0xff, 0xff, 0xff, 0xff, 0xb0,
    0x0, 0x1d, 0xff, 0xff, 0xff, 0xff, 0xff, 0xa0,
    0x0, 0x0, 0x5, 0x9c, 0xef, 0xff, 0xc9, 0x30,
    0x0, 0x0,

    /* U+0068 "h" */
    0xa, 0xfe, 0x80, 0x0, 0x0, 0x0, 0x0, 0x6,
    0xff, 0xff, 0x40, 0x0, 0x0, 0x0, 0x0, 0x8f,
    0xff, 0xf6, 0x0, 0x0, 0x0, 0x0, 0x8, 0xff,
    0xff, 0x70, 0x0, 0x0, 0x0, 0x0, 0x8f, 0xff,
    0xf7, 0x0, 0x0, 0x0, 0x0, 0x8, 0xff, 0xff,
    0x70, 0x0, 0x0, 0x0, 0x0, 0x8f, 0xff, 0xf7,
    0x19, 0xdf, 0xfc, 0x50, 0x8, 0xff, 0xff, 0xae,
    0xff, 0xff, 0xff, 0x70, 0x8f, 0xff, 0xff, 0xff,
    0xff, 0xff, 0xff, 0x18, 0xff, 0xff, 0xff, 0xde,
    0xff, 0xff, 0xf5, 0x8f, 0xff, 0xff, 0x30, 0xb,
    0xff, 0xff, 0x88, 0xff, 0xff, 0x90, 0x0, 0x6f,
    0xff, 0xf9, 0x8f, 0xff, 0xf7, 0x0, 0x6, 0xff,
    0xff, 0x98, 0xff, 0xff, 0x70, 0x0, 0x6f, 0xff,
    0xf9, 0x8f, 0xff, 0xf7, 0x0, 0x6, 0xff, 0xff,
    0x98, 0xff, 0xff, 0x70, 0x0, 0x6f, 0xff, 0xf9,
    0x8f, 0xff, 0xf7, 0x0, 0x6, 0xff, 0xff, 0x98,
    0xff, 0xff, 0x60, 0x0, 0x6f, 0xff, 0xf9, 0x6f,
    0xff, 0xf4, 0x0, 0x3, 0xff, 0xff, 0x70, 0xaf,
    0xf9, 0x0, 0x0, 0x8, 0xef, 0xa0,

    /* U+0069 "i" */
    0x1b, 0xff, 0xa1, 0xaf, 0xff, 0xf8, 0xcf, 0xff,
    0xfa, 0x9f, 0xff, 0xf6, 0x7, 0xbb, 0x70, 0x0,
    0x0, 0x0, 0x0, 0x0, 0x0, 0x9, 0xfe, 0x80,
    0x5f, 0xff, 0xf3, 0x8f, 0xff, 0xf6, 0x8f, 0xff,
    0xf7, 0x8f, 0xff, 0xf7, 0x8f, 0xff, 0xf7, 0x8f,
    0xff, 0xf7, 0x8f, 0xff, 0xf7, 0x8f, 0xff, 0xf7,
    0x8f, 0xff, 0xf7, 0x8f, 0xff, 0xf7, 0x8f, 0xff,
    0xf6, 0x5f, 0xff, 0xf3, 0x9, 0xfe, 0x80,

    /* U+006A "j" */
    0x0, 0x1, 0xaf, 0xfb, 0x10, 0x0, 0x9f, 0xff,
    0xfa, 0x0, 0xb, 0xff, 0xff, 0xc0, 0x0, 0x7f,
    0xff, 0xf9, 0x0, 0x0, 0x6b, 0xb7, 0x0, 0x0,
    0x0, 0x0, 0x0, 0x0, 0x0, 0x0, 0x0, 0x0,
    0x0, 0x8, 0xef, 0xa0, 0x0, 0x3, 0xff, 0xff,
    0x60, 0x0, 0x6f, 0xff, 0xf9, 0x0, 0x6, 0xff,
    0xff, 0x90, 0x0, 0x6f, 0xff, 0xf9, 0x0, 0x6,
    0xff, 0xff, 0x90, 0x0, 0x6f, 0xff, 0xf9, 0x0,
    0x6, 0xff, 0xff, 0x90, 0x0, 0x6f, 0xff, 0xf9,
    0x0, 0x6, 0xff, 0xff, 0x90, 0x0, 0x6f, 0xff,
    0xf9, 0x0, 0x6, 0xff, 0xff, 0x90, 0x0, 0x6f,
    0xff, 0xf9, 0x0, 0x6, 0xff, 0xff, 0x90, 0x0,
    0x8f, 0xff, 0xf7, 0x6, 0x9f, 0xff, 0xff, 0x46,
    0xff, 0xff, 0xff, 0xd0, 0x8f, 0xff, 0xff, 0xe3,
    0x1, 0xcf, 0xfd, 0x81, 0x0,

    /* U+006B "k" */
    0xa, 0xfe, 0x80, 0x0, 0x0, 0x0, 0x0, 0x6,
    0xff, 0xff, 0x40, 0x0, 0x0, 0x0, 0x0, 0x8f,
    0xff, 0xf6, 0x0, 0x0, 0x0, 0x0, 0x8, 0xff,
    0xff, 0x70, 0x0, 0x0, 0x0, 0x0, 0x8f, 0xff,
    0xf7, 0x0, 0x0, 0x0, 0x0, 0x8, 0xff, 0xff,
    0x70, 0x0, 0x0, 0x0, 0x0, 0x8f, 0xff, 0xf7,
    0x0, 0x1, 0xbf, 0xe6, 0x8, 0xff, 0xff, 0x70,
    0x1, 0xef, 0xff, 0xf0, 0x8f, 0xff, 0xf7, 0x0,
    0xcf, 0xff, 0xfd, 0x8, 0xff, 0xff, 0x70, 0xaf,
    0xff, 0xff, 0x30, 0x8f, 0xff, 0xf7, 0x8f, 0xff,
    0xff, 0x50, 0x8, 0xff, 0xff, 0xcf, 0xff, 0xff,
    0x70, 0x0, 0x8f, 0xff, 0xff, 0xff, 0xff, 0xa0,
    0x0, 0x8, 0xff, 0xff, 0xff, 0xff, 0xff, 0x20,
    0x0, 0x8f, 0xff, 0xfa, 0xff, 0xff, 0xfd, 0x10,
    0x8, 0xff, 0xff, 0x75, 0xff, 0xff, 0xfb, 0x0,
    0x8f, 0xff, 0xf7, 0x8, 0xff, 0xff, 0xf8, 0x8,
    0xff, 0xff, 0x60, 0xb, 0xff, 0xff, 0xf3, 0x6f,
    0xff, 0xf4, 0x0, 0xd, 0xff, 0xff, 0x50, 0xaf,
    0xf9, 0x0, 0x0, 0x1a, 0xff, 0xa0,

    /* U+006C "l" */
    0xa, 0xff, 0x80, 0x0, 0x6, 0xff, 0xff, 0x40,
    0x0, 0x8f, 0xff, 0xf6, 0x0, 0x8, 0xff, 0xff,
    0x70, 0x0, 0x8f, 0xff, 0xf7, 0x0, 0x8, 0xff,
    0xff, 0x70, 0x0, 0x8f, 0xff, 0xf7, 0x0, 0x8,
    0xff, 0xff, 0x70, 0x0, 0x8f, 0xff, 0xf7, 0x0,
    0x8, 0xff, 0xff, 0x70, 0x0, 0x8f, 0xff, 0xf7,
    0x0, 0x8, 0xff, 0xff, 0x70, 0x0, 0x8f, 0xff,
    0xf7, 0x0, 0x8, 0xff, 0xff, 0x70, 0x0, 0x8f,
    0xff, 0xf7, 0x0, 0x7, 0xff, 0xff, 0xc0, 0x0,
    0x4f, 0xff, 0xff, 0xfe, 0x60, 0xef, 0xff, 0xff,
    0xfb, 0x5, 0xff, 0xff, 0xff, 0xa0, 0x3, 0xae,
    0xfe, 0xc2,

    /* U+006D "m" */
    0x9, 0xff, 0x80, 0x19, 0xef, 0xe9, 0x10, 0x5,
    0xcf, 0xfd, 0x70, 0x5, 0xff, 0xff, 0x6e, 0xff,
    0xff, 0xfe, 0x1a, 0xff, 0xff, 0xff, 0xb0, 0x7f,
    0xff, 0xff, 0xff, 0xff, 0xff, 0xfe, 0xff, 0xff,
    0xff, 0xff, 0x47, 0xff, 0xff, 0xff, 0xce, 0xff,
    0xff, 0xff, 0xec, 0xff, 0xff, 0xf9, 0x7f, 0xff,
    0xfe, 0x10, 0x2f, 0xff, 0xff, 0xa0, 0x6, 0xff,
    0xff, 0xc7, 0xff, 0xff, 0x90, 0x0, 0xdf, 0xff,
    0xf4, 0x0, 0x2f, 0xff, 0xfd, 0x7f, 0xff, 0xf8,
    0x0, 0xd, 0xff, 0xff, 0x20, 0x2, 0xff, 0xff,
    0xd7, 0xff, 0xff, 0x80, 0x0, 0xdf, 0xff, 0xf2,
    0x0, 0x2f, 0xff, 0xfd, 0x7f, 0xff, 0xf8, 0x0,
    0xd, 0xff, 0xff, 0x20, 0x2, 0xff, 0xff, 0xd7,
    0xff, 0xff, 0x80, 0x0, 0xdf, 0xff, 0xf2, 0x0,
    0x2f, 0xff, 0xfd, 0x7f, 0xff, 0xf8, 0x0, 0xd,
    0xff, 0xff, 0x20, 0x2, 0xff, 0xff, 0xd7, 0xff,
    0xff, 0x70, 0x0, 0xdf, 0xff, 0xf2, 0x0, 0x2f,
    0xff, 0xfd, 0x5f, 0xff, 0xf5, 0x0, 0xb, 0xff,
    0xff, 0x0, 0x0, 0xff, 0xff, 0xa0, 0x9f, 0xf9,
    0x0, 0x0, 0x2c, 0xfe, 0x50, 0x0, 0x5, 0xef,
    0xc2,

    /* U+006E "n" */
    0xa, 0xfe, 0x70, 0x19, 0xdf, 0xfc, 0x50, 0x6,
    0xff, 0xff, 0x5f, 0xff, 0xff, 0xff, 0x70, 0x8f,
    0xff, 0xff, 0xff, 0xff, 0xff, 0xff, 0x18, 0xff,
    0xff, 0xff, 0xcd, 0xff, 0xff, 0xf5, 0x8f, 0xff,
    0xfe, 0x20, 0xb, 0xff, 0xff, 0x88, 0xff, 0xff,
    0x80, 0x0, 0x6f, 0xff, 0xf9, 0x8f, 0xff, 0xf7,
    0x0, 0x6, 0xff, 0xff, 0x98, 0xff, 0xff, 0x70,
    0x0, 0x6f, 0xff, 0xf9, 0x8f, 0xff, 0xf7, 0x0,
    0x6, 0xff, 0xff, 0x98, 0xff, 0xff, 0x70, 0x0,
    0x6f, 0xff, 0xf9, 0x8f, 0xff, 0xf7, 0x0, 0x6,
    0xff, 0xff, 0x98, 0xff, 0xff, 0x60, 0x0, 0x6f,
    0xff, 0xf9, 0x6f, 0xff, 0xf4, 0x0, 0x3, 0xff,
    0xff, 0x70, 0xaf, 0xf9, 0x0, 0x0, 0x8, 0xef,
    0xa0,

    /* U+006F "o" */
    0x0, 0x0, 0x39, 0xdf, 0xff, 0xc8, 0x20, 0x0,
    0x0, 0x0, 0x9f, 0xff, 0xff, 0xff, 0xff, 0x70,
    0x0, 0x0, 0xbf, 0xff, 0xff, 0xff, 0xff, 0xff,
    0x80, 0x0, 0x6f, 0xff, 0xff, 0xda, 0xdf, 0xff,
    0xff, 0x30, 0xc, 0xff, 0xff, 0x80, 0x0, 0xbf,
    0xff, 0xfa, 0x0, 0xff, 0xff, 0xf0, 0x0, 0x2,
    0xff, 0xff, 0xe0, 0x2f, 0xff, 0xfd, 0x0, 0x0,
    0xf, 0xff, 0xff, 0x2, 0xff, 0xff, 0xd0, 0x0,
    0x0, 0xff, 0xff, 0xf0, 0xf, 0xff, 0xff, 0x0,
    0x0, 0x3f, 0xff, 0xfe, 0x0, 0xcf, 0xff, 0xf9,
    0x0, 0xb, 0xff, 0xff, 0x90, 0x5, 0xff, 0xff,
    0xfd, 0xae, 0xff, 0xff, 0xf3, 0x0, 0xa, 0xff,
    0xff, 0xff, 0xff, 0xff, 0xf8, 0x0, 0x0, 0x9,
    0xff, 0xff, 0xff, 0xff, 0xf7, 0x0, 0x0, 0x0,
    0x2, 0x9d, 0xff, 0xfc, 0x82, 0x0, 0x0,

    /* U+0070 "p" */
    0xa, 0xfe, 0x70, 0x29, 0xef, 0xea, 0x30, 0x0,
    0x6f, 0xff, 0xf6, 0xff, 0xff, 0xff, 0xf7, 0x0,
    0x8f, 0xff, 0xff, 0xff, 0xff, 0xff, 0xff, 0x50,
    0x8f, 0xff, 0xff, 0xfa, 0xaf, 0xff, 0xff, 0xe0,
    0x8f, 0xff, 0xfe, 0x10, 0x2, 0xff, 0xff, 0xf3,
    0x8f, 0xff, 0xf8, 0x0, 0x0, 0xaf, 0xff, 0xf6,
    0x8f, 0xff, 0xf6, 0x0, 0x0, 0x7f, 0xff, 0xf8,
    0x8f, 0xff, 0xf6, 0x0, 0x0, 0x7f, 0xff, 0xf8,
    0x8f, 0xff, 0xf9, 0x0, 0x0, 0xaf, 0xff, 0xf6,
    0x8f, 0xff, 0xff, 0x20, 0x3, 0xff, 0xff, 0xf3,
    0x8f, 0xff, 0xff, 0xfb, 0xbf, 0xff, 0xff, 0xd0,
    0x8f, 0xff, 0xff, 0xff, 0xff, 0xff, 0xff, 0x50,
    0x8f, 0xff, 0xfa, 0xff, 0xff, 0xff, 0xf7, 0x0,
    0x8f, 0xff, 0xf7, 0x29, 0xef, 0xea, 0x30, 0x0,
    0x8f, 0xff, 0xf7, 0x0, 0x0, 0x0, 0x0, 0x0,
    0x8f, 0xff, 0xf7, 0x0, 0x0, 0x0, 0x0, 0x0,
    0x8f, 0xff, 0xf6, 0x0, 0x0, 0x0, 0x0, 0x0,
    0x6f, 0xff, 0xf4, 0x0, 0x0, 0x0, 0x0, 0x0,
    0xa, 0xfe, 0x80, 0x0, 0x0, 0x0, 0x0, 0x0,

    /* U+0071 "q" */
    0x0, 0x1, 0x8d, 0xff, 0xb5, 0x3, 0xdf, 0xd3,
    0x0, 0x3e, 0xff, 0xff, 0xff, 0x8d, 0xff, 0xfc,
    0x1, 0xef, 0xff, 0xff, 0xff, 0xff, 0xff, 0xfe,
    0x8, 0xff, 0xff, 0xfd, 0xad, 0xff, 0xff, 0xff,
    0xe, 0xff, 0xff, 0x80, 0x0, 0xbf, 0xff, 0xff,
    0x1f, 0xff, 0xff, 0x0, 0x0, 0x2f, 0xff, 0xff,
    0x2f, 0xff, 0xfd, 0x0, 0x0, 0xf, 0xff, 0xff,
    0x2f, 0xff, 0xfd, 0x0, 0x0, 0xf, 0xff, 0xff,
    0x1f, 0xff, 0xff, 0x0, 0x0, 0x3f, 0xff, 0xff,
    0xd, 0xff, 0xff, 0x90, 0x0, 0xbf, 0xff, 0xff,
    0x8, 0xff, 0xff, 0xfd, 0xae, 0xff, 0xff, 0xff,
    0x0, 0xef, 0xff, 0xff, 0xff, 0xff, 0xff, 0xff,
    0x0, 0x2e, 0xff, 0xff, 0xff, 0x9f, 0xff, 0xff,
    0x0, 0x1, 0x8d, 0xff, 0xb5, 0xf, 0xff, 0xff,
    0x0, 0x0, 0x0, 0x0, 0x0, 0xf, 0xff, 0xff,
    0x0, 0x0, 0x0, 0x0, 0x0, 0xf, 0xff, 0xff,
    0x0, 0x0, 0x0, 0x0, 0x0, 0xf, 0xff, 0xfe,
    0x0, 0x0, 0x0, 0x0, 0x0, 0xe, 0xff, 0xfc,
    0x0, 0x0, 0x0, 0x0, 0x0, 0x4, 0xdf, 0xc2,

    /* U+0072 "r" */
    0xa, 0xfe, 0x70, 0x2a, 0xef, 0x80, 0x6f, 0xff,
    0xf4, 0xef, 0xff, 0xf0, 0x8f, 0xff, 0xfe, 0xff,
    0xff, 0xf0, 0x8f, 0xff, 0xff, 0xff, 0xff, 0x80,
    0x8f, 0xff, 0xff, 0xd7, 0x42, 0x0, 0x8f, 0xff,
    0xfe, 0x0, 0x0, 0x0, 0x8f, 0xff, 0xf9, 0x0,
    0x0, 0x0, 0x8f, 0xff, 0xf8, 0x0, 0x0, 0x0,
    0x8f, 0xff, 0xf8, 0x0, 0x0, 0x0, 0x8f, 0xff,
    0xf8, 0x0, 0x0, 0x0, 0x8f, 0xff, 0xf8, 0x0,
    0x0, 0x0, 0x8f, 0xff, 0xf8, 0x0, 0x0, 0x0,
    0x6f, 0xff, 0xf6, 0x0, 0x0, 0x0, 0xa, 0xff,
    0xa0, 0x0, 0x0, 0x0,

    /* U+0073 "s" */
    0x0, 0x2, 0x9d, 0xff, 0xfd, 0xa4, 0x0, 0x0,
    0x7f, 0xff, 0xff, 0xff, 0xff, 0x80, 0x6, 0xff,
    0xff, 0xff, 0xff, 0xff, 0xc0, 0xd, 0xff, 0xfe,
    0x65, 0x6a, 0xff, 0x60, 0xf, 0xff, 0xf8, 0x0,
    0x0, 0x1, 0x0, 0xd, 0xff, 0xff, 0xc9, 0x63,
    0x0, 0x0, 0x6, 0xff, 0xff, 0xff, 0xff, 0xf9,
    0x10, 0x0, 0x6e, 0xff, 0xff, 0xff, 0xff, 0xb0,
    0x0, 0x0, 0x25, 0x8a, 0xef, 0xff, 0xf2, 0x0,
    0x30, 0x0, 0x0, 0x2f, 0xff, 0xf4, 0xc, 0xff,
    0xb7, 0x56, 0xbf, 0xff, 0xf2, 0x1f, 0xff, 0xff,
    0xff, 0xff, 0xff, 0xc0, 0xb, 0xff, 0xff, 0xff,
    0xff, 0xfc, 0x10, 0x0, 0x4a, 0xde, 0xff, 0xeb,
    0x50, 0x0,

    /* U+0074 "t" */
    0x0, 0x0, 0x17, 0x72, 0x0, 0x0, 0x0, 0x0,
    0x1e, 0xff, 0xf1, 0x0, 0x0, 0x0, 0x6, 0xff,
    0xff, 0x60, 0x0, 0x0, 0x0, 0x7f, 0xff, 0xf8,
    0x0, 0x0, 0x0, 0x7, 0xff, 0xff, 0x80, 0x0,
    0x0, 0xbf, 0xff, 0xff, 0xff, 0xff, 0xe3, 0x4f,
    0xff, 0xff, 0xff, 0xff, 0xff, 0xa3, 0xff, 0xff,
    0xff, 0xff, 0xff, 0xf9, 0x5, 0xad, 0xff, 0xff,
    0xda, 0xa8, 0x10, 0x0, 0x7f, 0xff, 0xf8, 0x0,
    0x0, 0x0, 0x7, 0xff, 0xff, 0x80, 0x0, 0x0,
    0x0, 0x7f, 0xff, 0xf8, 0x0, 0x0, 0x0, 0x7,
    0xff, 0xff, 0x80, 0x0, 0x0, 0x0, 0x7f, 0xff,
    0xf8, 0x0, 0x0, 0x0, 0x6, 0xff, 0xff, 0xe3,
    0x0, 0x0, 0x0, 0x2f, 0xff, 0xff, 0xff, 0xfb,
    0x0, 0x0, 0xbf, 0xff, 0xff, 0xff, 0xf0, 0x0,
    0x1, 0xdf, 0xff, 0xff, 0xfd, 0x0, 0x0, 0x0,
    0x7c, 0xef, 0xfc, 0x40,

    /* U+0075 "u" */
    0xb, 0xfe, 0x80, 0x0, 0x0, 0xaf, 0xe8, 0x7,
    0xff, 0xff, 0x30, 0x0, 0x7f, 0xff, 0xf3, 0x9f,
    0xff, 0xf5, 0x0, 0x9, 0xff, 0xff, 0x5a, 0xff,
    0xff, 0x50, 0x0, 0x9f, 0xff, 0xf6, 0xaf, 0xff,
    0xf5, 0x0, 0x9, 0xff, 0xff, 0x6a, 0xff, 0xff,
    0x50, 0x0, 0x9f, 0xff, 0xf6, 0xaf, 0xff, 0xf5,
    0x0, 0x9, 0xff, 0xff, 0x6a, 0xff, 0xff, 0x50,
    0x0, 0x9f, 0xff, 0xf6, 0x9f, 0xff, 0xf6, 0x0,
    0xb, 0xff, 0xff, 0x68, 0xff, 0xff, 0xa0, 0x5,
    0xff, 0xff, 0xf6, 0x5f, 0xff, 0xff, 0xed, 0xff,
    0xff, 0xff, 0x61, 0xff, 0xff, 0xff, 0xff, 0xff,
    0xff, 0xf5, 0x5, 0xff, 0xff, 0xff, 0xe7, 0xff,
    0xff, 0x30, 0x3, 0xbe, 0xfe, 0xa2, 0x9, 0xff,
    0x80,

    /* U+0076 "v" */
    0xb, 0xfe, 0x60, 0x0, 0x0, 0x1b, 0xfd, 0x36,
    0xff, 0xff, 0x20, 0x0, 0x9, 0xff, 0xfb, 0x6f,
    0xff, 0xf8, 0x0, 0x1, 0xff, 0xff, 0xa1, 0xff,
    0xff, 0xe0, 0x0, 0x7f, 0xff, 0xf4, 0xa, 0xff,
    0xff, 0x50, 0xd, 0xff, 0xfd, 0x0, 0x2f, 0xff,
    0xfb, 0x4, 0xff, 0xff, 0x50, 0x0, 0xbf, 0xff,
    0xf2, 0xbf, 0xff, 0xe0, 0x0, 0x4, 0xff, 0xff,
    0xaf, 0xff, 0xf7, 0x0, 0x0, 0xd, 0xff, 0xff,
    0xff, 0xff, 0x0, 0x0, 0x0, 0x6f, 0xff, 0xff,
    0xff, 0x80, 0x0, 0x0, 0x0, 0xef, 0xff, 0xff,
    0xf1, 0x0, 0x0, 0x0, 0x7, 0xff, 0xff, 0xfa,
    0x0, 0x0, 0x0, 0x0, 0x1e, 0xff, 0xff, 0x20,
    0x0, 0x0, 0x0, 0x0, 0x3c, 0xfd, 0x50, 0x0,
    0x0,

    /* U+0077 "w" */
    0xa, 0xfe, 0x60, 0x0, 0x0, 0x3d, 0xfa, 0x0,
    0x0, 0x0, 0xbf, 0xd3, 0x5f, 0xff, 0xf2, 0x0,
    0x0, 0xcf, 0xff, 0x50, 0x0, 0x8, 0xff, 0xfa,
    0x5f, 0xff, 0xf8, 0x0, 0x2, 0xff, 0xff, 0xb0,
    0x0, 0xe, 0xff, 0xf9, 0xe, 0xff, 0xfe, 0x0,
    0x8, 0xff, 0xff, 0xf1, 0x0, 0x5f, 0xff, 0xf4,
    0x8, 0xff, 0xff, 0x40, 0xe, 0xff, 0xff, 0xf7,
    0x0, 0xbf, 0xff, 0xd0, 0x2, 0xff, 0xff, 0xb0,
    0x4f, 0xff, 0xff, 0xfd, 0x1, 0xff, 0xff, 0x60,
    0x0, 0xbf, 0xff, 0xf1, 0xaf, 0xff, 0xff, 0xff,
    0x37, 0xff, 0xff, 0x0, 0x0, 0x4f, 0xff, 0xf9,
    0xff, 0xfe, 0xcf, 0xff, 0x9d, 0xff, 0xf9, 0x0,
    0x0, 0xd, 0xff, 0xff, 0xff, 0xf8, 0x5f, 0xff,
    0xff, 0xff, 0xf2, 0x0, 0x0, 0x7, 0xff, 0xff,
    0xff, 0xf2, 0xe, 0xff, 0xff, 0xff, 0xb0, 0x0,
    0x0, 0x1, 0xff, 0xff, 0xff, 0xc0, 0x8, 0xff,
    0xff, 0xff, 0x40, 0x0, 0x0, 0x0, 0x9f, 0xff,
    0xff, 0x60, 0x2, 0xff, 0xff, 0xfd, 0x0, 0x0,
    0x0, 0x0, 0x2f, 0xff, 0xfe, 0x0, 0x0, 0xaf,
    0xff, 0xf6, 0x0, 0x0, 0x0, 0x0, 0x4, 0xdf,
    0xc3, 0x0, 0x0, 0x1a, 0xfe, 0x80, 0x0, 0x0,

    /* U+0078 "x" */
    0xa, 0xfe, 0x70, 0x0, 0x6, 0xef, 0xb0, 0x4f,
    0xff, 0xf8, 0x0, 0x7f, 0xff, 0xf5, 0x2f, 0xff,
    0xff, 0x43, 0xff, 0xff, 0xf3, 0x8, 0xff, 0xff,
    0xfe, 0xff, 0xff, 0x90, 0x0, 0xbf, 0xff, 0xff,
    0xff, 0xfc, 0x0, 0x0, 0x1d, 0xff, 0xff, 0xff,
    0xd1, 0x0, 0x0, 0x2, 0xff, 0xff, 0xff, 0x20,
    0x0, 0x0, 0x6, 0xff, 0xff, 0xff, 0x60, 0x0,
    0x0, 0x3f, 0xff, 0xff, 0xff, 0xf4, 0x0, 0x2,
    0xef, 0xff, 0xff, 0xff, 0xff, 0x20, 0xd, 0xff,
    0xff, 0xbb, 0xff, 0xff, 0xd1, 0x8f, 0xff, 0xfe,
    0x11, 0xdf, 0xff, 0xf9, 0x9f, 0xff, 0xf3, 0x0,
    0x2f, 0xff, 0xfb, 0x2d, 0xfd, 0x30, 0x0, 0x3,
    0xdf, 0xd3,

    /* U+0079 "y" */
    0x1b, 0xfe, 0x60, 0x0, 0x0, 0x1b, 0xfd, 0x37,
    0xff, 0xff, 0x20, 0x0, 0xa, 0xff, 0xfa, 0x7f,
    0xff, 0xf8, 0x0, 0x1, 0xff, 0xff, 0xa1, 0xff,
    0xff, 0xe0, 0x0, 0x7f, 0xff, 0xf4, 0xa, 0xff,
    0xff, 0x50, 0xe, 0xff, 0xfd, 0x0, 0x3f, 0xff,
    0xfb, 0x4, 0xff, 0xff, 0x60, 0x0, 0xcf, 0xff,
    0xf2, 0xbf, 0xff, 0xe0, 0x0, 0x5, 0xff, 0xff,
    0xaf, 0xff, 0xf7, 0x0, 0x0, 0xd, 0xff, 0xff,
    0xff, 0xff, 0x10, 0x0, 0x0, 0x6f, 0xff, 0xff,
    0xff, 0x80, 0x0, 0x0, 0x0, 0xff, 0xff, 0xff,
    0xf1, 0x0, 0x0, 0x0, 0x8, 0xff, 0xff, 0xfa,
    0x0, 0x0, 0x0, 0x0, 0x1f, 0xff, 0xff, 0x30,
    0x0, 0x0, 0x0, 0x3, 0xff, 0xff, 0xb0, 0x0,
    0x0, 0x0, 0x0, 0xbf, 0xff, 0xf4, 0x0, 0x0,
    0x0, 0x0, 0x3f, 0xff, 0xfd, 0x0, 0x0, 0x0,
    0x0, 0x8, 0xff, 0xff, 0x60, 0x0, 0x0, 0x0,
    0x0, 0x8f, 0xff, 0xe0, 0x0, 0x0, 0x0, 0x0,
    0x1, 0xcf, 0xd3, 0x0, 0x0, 0x0, 0x0,

    /* U+007A "z" */
    0x8, 0xff, 0xff, 0xff, 0xff, 0xfd, 0x30, 0xf,
    0xff, 0xff, 0xff, 0xff, 0xff, 0xc0, 0xf, 0xff,
    0xff, 0xff, 0xff, 0xff, 0xc0, 0x4, 0xaa, 0xaa,
    0xaf, 0xff, 0xff, 0x60, 0x0, 0x0, 0x0, 0x6f,
    0xff, 0xf9, 0x0, 0x0, 0x0, 0x4, 0xff, 0xff,
    0xb0, 0x0, 0x0, 0x0, 0x2f, 0xff, 0xfd, 0x0,
    0x0, 0x0, 0x1, 0xef, 0xff, 0xe1, 0x0, 0x0,
    0x0, 0xc, 0xff, 0xff, 0x30, 0x0, 0x0, 0x0,
    0xbf, 0xff, 0xf4, 0x0, 0x0, 0x0, 0x8, 0xff,
    0xff, 0xea, 0xaa, 0xaa, 0x50, 0xe, 0xff, 0xff,
    0xff, 0xff, 0xff, 0xf2, 0xe, 0xff, 0xff, 0xff,
    0xff, 0xff, 0xf3, 0x5, 0xef, 0xff, 0xff, 0xff,
    0xff, 0xb0,

    /* U+007B "{" */
    0x0, 0x0, 0x4, 0xcf, 0xff, 0xe6, 0x0, 0x0,
    0x5, 0xff, 0xff, 0xff, 0xf0, 0x0, 0x0, 0xdf,
    0xff, 0xff, 0xfe, 0x0, 0x0, 0xf, 0xff, 0xff,
    0xc9, 0x30, 0x0, 0x1, 0xff, 0xff, 0xe0, 0x0,
    0x0, 0x0, 0x1f, 0xff, 0xfe, 0x0, 0x0, 0x0,
    0x1, 0xff, 0xff, 0xe0, 0x0, 0x0, 0x0, 0x1f,
    0xff, 0xfe, 0x0, 0x0, 0x0, 0x1, 0xff, 0xff,
    0xe0, 0x0, 0x0, 0x0, 0x2f, 0xff, 0xfd, 0x0,
    0x0, 0x0, 0x8, 0xff, 0xff, 0xb0, 0x0, 0x0,
    0xbf, 0xff, 0xff, 0xf4, 0x0, 0x0, 0x3f, 0xff,
    0xff, 0xe6, 0x0, 0x0, 0x2, 0xff, 0xff, 0xff,
    0x80, 0x0, 0x0, 0x8, 0xdf, 0xff, 0xff, 0x60,
    0x0, 0x0, 0x0, 0x6f, 0xff, 0xfc, 0x0, 0x0,
    0x0, 0x2, 0xff, 0xff, 0xe0, 0x0, 0x0, 0x0,
    0x1f, 0xff, 0xfe, 0x0, 0x0, 0x0, 0x1, 0xff,
    0xff, 0xe0, 0x0, 0x0, 0x0, 0x1f, 0xff, 0xfe,
    0x0, 0x0, 0x0, 0x1, 0xff, 0xff, 0xe0, 0x0,
    0x0, 0x0, 0x1f, 0xff, 0xff, 0xca, 0x30, 0x0,
    0x0, 0xef, 0xff, 0xff, 0xfe, 0x0, 0x0, 0x6,
    0xff, 0xff, 0xff, 0xf0, 0x0, 0x0, 0x5, 0xcf,
    0xff, 0xe6, 0x0,

    /* U+007C "|" */
    0x4, 0xdf, 0xd3, 0xe, 0xff, 0xfc, 0xf, 0xff,
    0xfe, 0x1f, 0xff, 0xfe, 0x1f, 0xff, 0xfe, 0x1f,
    0xff, 0xfe, 0x1f, 0xff, 0xfe, 0x1f, 0xff, 0xfe,
    0x1f, 0xff, 0xfe, 0x1f, 0xff, 0xfe, 0x1f, 0xff,
    0xfe, 0x1f, 0xff, 0xfe, 0x1f, 0xff, 0xfe, 0x1f,
    0xff, 0xfe, 0x1f, 0xff, 0xfe, 0x1f, 0xff, 0xfe,
    0x1f, 0xff, 0xfe, 0x1f, 0xff, 0xfe, 0x1f, 0xff,
    0xfe, 0x1f, 0xff, 0xfe, 0x1f, 0xff, 0xfe, 0x1f,
    0xff, 0xfe, 0xf, 0xff, 0xfe, 0xe, 0xff, 0xfc,
    0x4, 0xdf, 0xd3,

    /* U+007D "}" */
    0x3d, 0xff, 0xfd, 0x70, 0x0, 0x0, 0xbf, 0xff,
    0xff, 0xf9, 0x0, 0x0, 0xaf, 0xff, 0xff, 0xff,
    0x10, 0x0, 0x19, 0xaf, 0xff, 0xff, 0x40, 0x0,
    0x0, 0xb, 0xff, 0xff, 0x50, 0x0, 0x0, 0xa,
    0xff, 0xff, 0x50, 0x0, 0x0, 0xa, 0xff, 0xff,
    0x50, 0x0, 0x0, 0xa, 0xff, 0xff, 0x50, 0x0,
    0x0, 0xa, 0xff, 0xff, 0x50, 0x0, 0x0, 0xa,
    0xff, 0xff, 0x60, 0x0, 0x0, 0x7, 0xff, 0xff,
    0xc1, 0x0, 0x0, 0x1, 0xef, 0xff, 0xff, 0xd1,
    0x0, 0x0, 0x3d, 0xff, 0xff, 0xf7, 0x0, 0x0,
    0x5f, 0xff, 0xff, 0xf6, 0x0, 0x2, 0xff, 0xff,
    0xfe, 0xa0, 0x0, 0x8, 0xff, 0xff, 0xa0, 0x0,
    0x0, 0xa, 0xff, 0xff, 0x50, 0x0, 0x0, 0xa,
    0xff, 0xff, 0x50, 0x0, 0x0, 0xa, 0xff, 0xff,
    0x50, 0x0, 0x0, 0xa, 0xff, 0xff, 0x50, 0x0,
    0x0, 0xb, 0xff, 0xff, 0x50, 0x0, 0x19, 0xbf,
    0xff, 0xff, 0x50, 0x0, 0xaf, 0xff, 0xff, 0xff,
    0x20, 0x0, 0xbf, 0xff, 0xff, 0xfa, 0x0, 0x0,
    0x3d, 0xff, 0xfd, 0x70, 0x0, 0x0,

    /* U+007E "~" */
    0x0, 0x6d, 0xfd, 0x81, 0x0, 0x1, 0x51, 0x0,
    0x8f, 0xff, 0xff, 0xf9, 0x33, 0xdf, 0xd0, 0x2f,
    0xff, 0xff, 0xff, 0xff, 0xff, 0xfe, 0x1, 0xff,
    0xb3, 0x4a, 0xff, 0xff, 0xff, 0x50, 0x2, 0x60,
    0x0, 0x2, 0xae, 0xfc, 0x30, 0x0
};


/*---------------------
 *  GLYPH DESCRIPTION
 *--------------------*/

static const lv_font_fmt_txt_glyph_dsc_t glyph_dsc[] = {
    {.bitmap_index = 0, .adv_w = 0, .box_w = 0, .box_h = 0, .ofs_x = 0, .ofs_y = 0} /* id = 0 reserved */,
    {.bitmap_index = 0, .adv_w = 128, .box_w = 0, .box_h = 0, .ofs_x = 0, .ofs_y = 0},
    {.bitmap_index = 0, .adv_w = 122, .box_w = 7, .box_h = 20, .ofs_x = 0, .ofs_y = 0},
    {.bitmap_index = 70, .adv_w = 231, .box_w = 13, .box_h = 10, .ofs_x = 1, .ofs_y = 10},
    {.bitmap_index = 135, .adv_w = 269, .box_w = 15, .box_h = 20, .ofs_x = 1, .ofs_y = 0},
    {.bitmap_index = 285, .adv_w = 269, .box_w = 17, .box_h = 28, .ofs_x = 0, .ofs_y = -4},
    {.bitmap_index = 523, .adv_w = 432, .box_w = 27, .box_h = 22, .ofs_x = 0, .ofs_y = -1},
    {.bitmap_index = 820, .adv_w = 343, .box_w = 20, .box_h = 20, .ofs_x = 1, .ofs_y = 0},
    {.bitmap_index = 1020, .adv_w = 121, .box_w = 6, .box_h = 10, .ofs_x = 1, .ofs_y = 10},
    {.bitmap_index = 1050, .adv_w = 182, .box_w = 9, .box_h = 26, .ofs_x = 2, .ofs_y = -6},
    {.bitmap_index = 1167, .adv_w = 182, .box_w = 8, .box_h = 26, .ofs_x = 1, .ofs_y = -6},
    {.bitmap_index = 1271, .adv_w = 204, .box_w = 13, .box_h = 12, .ofs_x = 0, .ofs_y = 9},
    {.bitmap_index = 1349, .adv_w = 269, .box_w = 15, .box_h = 15, .ofs_x = 1, .ofs_y = 1},
    {.bitmap_index = 1462, .adv_w = 122, .box_w = 6, .box_h = 10, .ofs_x = 1, .ofs_y = -4},
    {.bitmap_index = 1492, .adv_w = 199, .box_w = 10, .box_h = 4, .ofs_x = 1, .ofs_y = 6},
    {.bitmap_index = 1512, .adv_w = 122, .box_w = 6, .box_h = 6, .ofs_x = 1, .ofs_y = 0},
    {.bitmap_index = 1530, .adv_w = 156, .box_w = 12, .box_h = 23, .ofs_x = -1, .ofs_y = -2},
    {.bitmap_index = 1668, .adv_w = 269, .box_w = 16, .box_h = 20, .ofs_x = 0, .ofs_y = 0},
    {.bitmap_index = 1828, .adv_w = 269, .box_w = 15, .box_h = 20, .ofs_x = 2, .ofs_y = 0},
    {.bitmap_index = 1978, .adv_w = 269, .box_w = 15, .box_h = 20, .ofs_x = 1, .ofs_y = 0},
    {.bitmap_index = 2128, .adv_w = 269, .box_w = 16, .box_h = 20, .ofs_x = 0, .ofs_y = 0},
    {.bitmap_index = 2288, .adv_w = 269, .box_w = 17, .box_h = 20, .ofs_x = 0, .ofs_y = 0},
    {.bitmap_index = 2458, .adv_w = 269, .box_w = 16, .box_h = 20, .ofs_x = 1, .ofs_y = 0},
    {.bitmap_index = 2618, .adv_w = 269, .box_w = 16, .box_h = 20, .ofs_x = 1, .ofs_y = 0},
    {.bitmap_index = 2778, .adv_w = 269, .box_w = 16, .box_h = 20, .ofs_x = 0, .ofs_y = 0},
    {.bitmap_index = 2938, .adv_w = 269, .box_w = 17, .box_h = 20, .ofs_x = 0, .ofs_y = 0},
    {.bitmap_index = 3108, .adv_w = 269, .box_w = 16, .box_h = 20, .ofs_x = 0, .ofs_y = 0},
    {.bitmap_index = 3268, .adv_w = 122, .box_w = 6, .box_h = 14, .ofs_x = 1, .ofs_y = 0},
    {.bitmap_index = 3310, .adv_w = 122, .box_w = 6, .box_h = 18, .ofs_x = 1, .ofs_y = -4},
    {.bitmap_index = 3364, .adv_w = 269, .box_w = 15, .box_h = 14, .ofs_x = 1, .ofs_y = 1},
    {.bitmap_index = 3469, .adv_w = 269, .box_w = 15, .box_h = 9, .ofs_x = 1, .ofs_y = 4},
    {.bitmap_index = 3537, .adv_w = 269, .box_w = 15, .box_h = 14, .ofs_x = 1, .ofs_y = 1},
    {.bitmap_index = 3642, .adv_w = 214, .box_w = 14, .box_h = 20, .ofs_x = 0, .ofs_y = 0},
    {.bitmap_index = 3782, .adv_w = 427, .box_w = 25, .box_h = 25, .ofs_x = 1, .ofs_y = -5},
    {.bitmap_index = 4095, .adv_w = 342, .box_w = 22, .box_h = 20, .ofs_x = 0, .ofs_y = 0},
    {.bitmap_index = 4315, .adv_w = 314, .box_w = 18, .box_h = 20, .ofs_x = 1, .ofs_y = 0},
    {.bitmap_index = 4495, .adv_w = 308, .box_w = 18, .box_h = 20, .ofs_x = 1, .ofs_y = 0},
    {.bitmap_index = 4675, .adv_w = 352, .box_w = 20, .box_h = 20, .ofs_x = 1, .ofs_y = 0},
    {.bitmap_index = 4875, .adv_w = 275, .box_w = 15, .box_h = 20, .ofs_x = 1, .ofs_y = 0},
    {.bitmap_index = 5025, .adv_w = 259, .box_w = 15, .box_h = 20, .ofs_x = 1, .ofs_y = 0},
    {.bitmap_index = 5175, .adv_w = 335, .box_w = 19, .box_h = 20, .ofs_x = 1, .ofs_y = 0},
    {.bitmap_index = 5365, .adv_w = 352, .box_w = 20, .box_h = 20, .ofs_x = 1, .ofs_y = 0},
    {.bitmap_index = 5565, .adv_w = 140, .box_w = 6, .box_h = 20, .ofs_x = 1, .ofs_y = 0},
    {.bitmap_index = 5625, .adv_w = 175, .box_w = 11, .box_h = 20, .ofs_x = -1, .ofs_y = 0},
    {.bitmap_index = 5735, .adv_w = 319, .box_w = 18, .box_h = 20, .ofs_x = 1, .ofs_y = 0},
    {.bitmap_index = 5915, .adv_w = 262, .box_w = 15, .box_h = 20, .ofs_x = 1, .ofs_y = 0},
    {.bitmap_index = 6065, .adv_w = 396, .box_w = 22, .box_h = 20, .ofs_x = 1, .ofs_y = 0},
    {.bitmap_index = 6285, .adv_w = 340, .box_w = 19, .box_h = 20, .ofs_x = 1, .ofs_y = 0},
    {.bitmap_index = 6475, .adv_w = 362, .box_w = 21, .box_h = 20, .ofs_x = 1, .ofs_y = 0},
    {.bitmap_index = 6685, .adv_w = 303, .box_w = 18, .box_h = 20, .ofs_x = 1, .ofs_y = 0},
    {.bitmap_index = 6865, .adv_w = 362, .box_w = 21, .box_h = 26, .ofs_x = 1, .ofs_y = -6},
    {.bitmap_index = 7138, .adv_w = 316, .box_w = 18, .box_h = 20, .ofs_x = 1, .ofs_y = 0},
    {.bitmap_index = 7318, .adv_w = 292, .box_w = 17, .box_h = 20, .ofs_x = 1, .ofs_y = 0},
    {.bitmap_index = 7488, .adv_w = 289, .box_w = 20, .box_h = 20, .ofs_x = -1, .ofs_y = 0},
    {.bitmap_index = 7688, .adv_w = 335, .box_w = 19, .box_h = 20, .ofs_x = 1, .ofs_y = 0},
    {.bitmap_index = 7878, .adv_w = 332, .box_w = 21, .box_h = 20, .ofs_x = 0, .ofs_y = 0},
    {.bitmap_index = 8088, .adv_w = 505, .box_w = 31, .box_h = 20, .ofs_x = 0, .ofs_y = 0},
    {.bitmap_index = 8398, .adv_w = 313, .box_w = 18, .box_h = 20, .ofs_x = 1, .ofs_y = 0},
    {.bitmap_index = 8578, .adv_w = 289, .box_w = 18, .box_h = 20, .ofs_x = 0, .ofs_y = 0},
    {.bitmap_index = 8758, .adv_w = 280, .box_w = 18, .box_h = 20, .ofs_x = 0, .ofs_y = 0},
    {.bitmap_index = 8938, .adv_w = 180, .box_w = 9, .box_h = 25, .ofs_x = 2, .ofs_y = -5},
    {.bitmap_index = 9051, .adv_w = 156, .box_w = 12, .box_h = 23, .ofs_x = -1, .ofs_y = -2},
    {.bitmap_index = 9189, .adv_w = 180, .box_w = 9, .box_h = 25, .ofs_x = 0, .ofs_y = -5},
    {.bitmap_index = 9302, .adv_w = 269, .box_w = 15, .box_h = 14, .ofs_x = 1, .ofs_y = 4},
    {.bitmap_index = 9407, .adv_w = 224, .box_w = 14, .box_h = 3, .ofs_x = 0, .ofs_y = -3},
    {.bitmap_index = 9428, .adv_w = 179, .box_w = 7, .box_h = 7, .ofs_x = 2, .ofs_y = 15},
    {.bitmap_index = 9453, .adv_w = 254, .box_w = 15, .box_h = 14, .ofs_x = 0, .ofs_y = 0},
    {.bitmap_index = 9558, .adv_w = 278, .box_w = 16, .box_h = 20, .ofs_x = 1, .ofs_y = 0},
    {.bitmap_index = 9718, .adv_w = 217, .box_w = 14, .box_h = 14, .ofs_x = 0, .ofs_y = 0},
    {.bitmap_index = 9816, .adv_w = 278, .box_w = 16, .box_h = 20, .ofs_x = 0, .ofs_y = 0},
    {.bitmap_index = 9976, .adv_w = 249, .box_w = 15, .box_h = 14, .ofs_x = 0, .ofs_y = 0},
    {.bitmap_index = 10081, .adv_w = 180, .box_w = 12, .box_h = 21, .ofs_x = 0, .ofs_y = 0},
    {.bitmap_index = 10207, .adv_w = 280, .box_w = 17, .box_h = 19, .ofs_x = 0, .ofs_y = -5},
    {.bitmap_index = 10369, .adv_w = 271, .box_w = 15, .box_h = 20, .ofs_x = 1, .ofs_y = 0},
    {.bitmap_index = 10519, .adv_w = 126, .box_w = 6, .box_h = 21, .ofs_x = 1, .ofs_y = 0},
    {.bitmap_index = 10582, .adv_w = 129, .box_w = 9, .box_h = 26, .ofs_x = -2, .ofs_y = -5},
    {.bitmap_index = 10699, .adv_w = 260, .box_w = 15, .box_h = 20, .ofs_x = 1, .ofs_y = 0},
    {.bitmap_index = 10849, .adv_w = 156, .box_w = 9, .box_h = 20, .ofs_x = 1, .ofs_y = 0},
    {.bitmap_index = 10939, .adv_w = 404, .box_w = 23, .box_h = 14, .ofs_x = 1, .ofs_y = 0},
    {.bitmap_index = 11100, .adv_w = 271, .box_w = 15, .box_h = 14, .ofs_x = 1, .ofs_y = 0},
    {.bitmap_index = 11205, .adv_w = 270, .box_w = 17, .box_h = 14, .ofs_x = 0, .ofs_y = 0},
    {.bitmap_index = 11324, .adv_w = 278, .box_w = 16, .box_h = 19, .ofs_x = 1, .ofs_y = -5},
    {.bitmap_index = 11476, .adv_w = 278, .box_w = 16, .box_h = 19, .ofs_x = 0, .ofs_y = -5},
    {.bitmap_index = 11628, .adv_w = 194, .box_w = 12, .box_h = 14, .ofs_x = 1, .ofs_y = 0},
    {.bitmap_index = 11712, .adv_w = 222, .box_w = 14, .box_h = 14, .ofs_x = 0, .ofs_y = 0},
    {.bitmap_index = 11810, .adv_w = 191, .box_w = 13, .box_h = 19, .ofs_x = -1, .ofs_y = 0},
    {.bitmap_index = 11934, .adv_w = 269, .box_w = 15, .box_h = 14, .ofs_x = 1, .ofs_y = 0},
    {.bitmap_index = 12039, .adv_w = 243, .box_w = 15, .box_h = 14, .ofs_x = 0, .ofs_y = 0},
    {.bitmap_index = 12144, .adv_w = 389, .box_w = 24, .box_h = 14, .ofs_x = 0, .ofs_y = 0},
    {.bitmap_index = 12312, .adv_w = 256, .box_w = 14, .box_h = 14, .ofs_x = 1, .ofs_y = 0},
    {.bitmap_index = 12410, .adv_w = 242, .box_w = 15, .box_h = 19, .ofs_x = 0, .ofs_y = -5},
    {.bitmap_index = 12553, .adv_w = 218, .box_w = 14, .box_h = 14, .ofs_x = 0, .ofs_y = 0},
    {.bitmap_index = 12651, .adv_w = 196, .box_w = 13, .box_h = 25, .ofs_x = 0, .ofs_y = -5},
    {.bitmap_index = 12814, .adv_w = 142, .box_w = 6, .box_h = 25, .ofs_x = 1, .ofs_y = -5},
    {.bitmap_index = 12889, .adv_w = 196, .box_w = 12, .box_h = 25, .ofs_x = 0, .ofs_y = -5},
    {.bitmap_index = 13039, .adv_w = 269, .box_w = 15, .box_h = 5, .ofs_x = 1, .ofs_y = 6}
};

/*---------------------
 *  CHARACTER MAPPING
 *--------------------*/



/*Collect the unicode lists and glyph_id offsets*/
static const lv_font_fmt_txt_cmap_t cmaps[] =
{
    {
        .range_start = 32, .range_length = 95, .glyph_id_start = 1,
        .unicode_list = NULL, .glyph_id_ofs_list = NULL, .list_length = 0, .type = LV_FONT_FMT_TXT_CMAP_FORMAT0_TINY
    }
};

/*-----------------
 *    KERNING
 *----------------*/


/*Map glyph_ids to kern left classes*/
static const uint8_t kern_left_class_mapping[] =
{
    0, 0, 1, 0, 0, 0, 0, 2,
    0, 3, 0, 4, 0, 5, 6, 5,
    7, 0, 0, 0, 0, 0, 0, 0,
    0, 0, 0, 8, 8, 0, 0, 0,
    9, 10, 11, 12, 13, 10, 14, 15,
    16, 0, 0, 17, 18, 19, 0, 0,
    10, 20, 10, 21, 22, 23, 24, 25,
    25, 26, 27, 28, 3, 0, 0, 0,
    5, 0, 29, 30, 31, 32, 33, 34,
    35, 29, 32, 32, 36, 37, 29, 29,
    30, 30, 38, 39, 40, 41, 35, 42,
    42, 43, 42, 44, 3, 0, 6, 0
};

/*Map glyph_ids to kern right classes*/
static const uint8_t kern_right_class_mapping[] =
{
    0, 0, 1, 2, 0, 0, 3, 4,
    2, 5, 6, 7, 0, 8, 9, 8,
    10, 0, 0, 0, 0, 0, 0, 0,
    0, 0, 0, 11, 11, 0, 0, 0,
    12, 13, 14, 15, 13, 15, 15, 15,
    13, 15, 15, 16, 15, 15, 15, 15,
    13, 15, 13, 15, 17, 18, 19, 20,
    20, 21, 22, 23, 5, 24, 6, 0,
    8, 0, 25, 26, 27, 27, 27, 28,
    27, 26, 26, 29, 26, 26, 30, 30,
    27, 30, 27, 30, 31, 32, 33, 34,
    34, 35, 34, 36, 9, 15, 6, 0
};

/*Kern values between classes*/
static const int8_t kern_class_values[] =
{
    0, 0, 0, 0, 0, 4, -4, 0,
    -4, 7, 0, -1, 0, 0, 0, 13,
    0, -4, 0, -4, 0, -4, 0, 0,
    0, 0, 0, 0, 0, 0, 0, 0,
    0, 0, 0, 0, 0, 0, 0, 0,
    0, 0, 0, 0, 0, 0, 0, 0,
    0, 0, 0, 16, 0, -10, 0, -20,
    -8, -16, 0, 0, 4, 0, -8, 0,
    0, 0, 8, 0, 0, -8, 0, 0,
    4, 0, 0, 0, 0, 18, 0, 0,
    0, 18, 0, 16, -3, 0, 0, 0,
    0, 18, 0, 13, 4, 17, 9, 0,
    0, 0, -4, 0, 30, 0, 0, 0,
    0, 0, 0, 0, -4, 0, 0, 0,
    0, 0, 0, -25, -30, -49, -4, 4,
    0, -33, 0, -25, 0, 8, 0, 4,
    -6, 12, -4, 0, 0, 13, -14, 10,
    0, 0, -4, 10, 0, 12, 8, 0,
    0, 0, 0, 0, 0, 0, -26, 0,
    -22, 28, 0, -33, -17, 9, 0, 17,
    4, -32, -9, -26, 4, -32, 4, 0,
    0, 0, -6, -9, 15, 0, 0, -13,
    -2, -21, 8, 0, -4, 0, 0, 0,
    0, 0, -30, -22, 0, 0, -9, -21,
    0, -7, 0, -13, -9, -22, 0, -24,
    -10, -26, 0, 0, 0, 0, 7, 0,
    0, 0, 4, 0, 0, -7, -9, -4,
    6, 0, 0, 0, 0, 18, 0, -46,
    -30, -22, -9, 22, -4, -9, 0, -18,
    0, 18, 0, 18, 4, 14, 5, 0,
    -27, 1, -27, 0, 0, -27, -27, -4,
    -27, -13, -22, -27, 0, 0, 0, 0,
    0, 0, -4, 0, -9, 23, 0, -4,
    0, 0, 0, 9, 0, -12, 0, -16,
    0, -18, 0, 0, 0, 0, 0, 4,
    15, 0, 0, 0, 0, 0, 0, 0,
    0, 0, 0, 0, 0, 7, 4, -37,
    -7, -4, 0, 11, 0, 0, 0, 0,
    0, 0, 0, 0, 0, 0, 0, 0,
    0, 0, 0, 0, 0, 0, 0, 0,
    0, 0, 0, 0, 0, 0, 0, 0,
    0, -3, 0, -17, 0, -4, 0, -4,
    0, -8, 0, -15, 0, -18, 0, -9,
    -13, -18, -7, 0, 0, 0, 0, 0,
    13, 0, 0, 0, 0, 0, 0, 0,
    0, 0, 0, 0, 0, 0, -33, 9,
    -7, 13, 0, -30, -8, 0, 0, 9,
    -4, -35, -2, -30, -5, -29, -4, 0,
    0, 0, -2, -6, 0, 0, -4, -8,
    0, -13, -11, -2, 0, 0, 0, 0,
    0, 0, 0, -3, 2, 0, 0, 0,
    0, -1, 0, -1, 0, -4, 0, -4,
    -3, -5, 0, 0, 0, 0, 0, 0,
    0, 0, 0, 0, 0, 0, 0, 0,
    0, 0, 0, -11, 0, 0, 0, 4,
    -17, 7, 0, 9, -11, -5, 0, 1,
    -8, -4, 0, -9, -5, -5, -4, 0,
    -9, 0, -16, -14, 0, 0, -4, -14,
    -6, -13, -4, -9, 0, 0, 0, 0,
    0, 4, 0, 4, -2, 14, 0, 4,
    1, -5, 0, 9, -4, 2, 0, 1,
    -1, 1, 0, 0, -1, 0, 0, -2,
    0, 0, -1, -2, 0, -3, 0, 0,
    4, 0, 0, 0, 0, 8, 0, -15,
    -4, -10, 0, 4, -4, -23, 0, -24,
    -8, 7, 0, 5, -4, 3, -4, 0,
    -9, 18, -7, 0, 0, -4, -5, 0,
    -6, -2, -6, -16, 0, 0, 0, 0,
    0, 1, 0, 0, 0, -1, 0, 0,
    0, 0, 0, 0, 0, -6, 0, -4,
    -2, -7, 0, 0, 0, 0, 0, 0,
    0, 0, 0, 0, 0, 0, 0, 0,
    0, 0, 0, 0, 0, 0, 0, -7,
    0, 0, 0, 0, 0, 0, 0, -9,
    0, 0, 0, 0, 0, 0, 0, 0,
    0, 0, 0, 0, 0, 0, 0, 0,
    0, 0, 0, 0, 16, 0, 0, 0,
    0, 5, -7, 8, -15, 14, 0, 7,
    -12, -10, 0, 13, -8, -17, -4, -12,
    -4, -5, 2, 0, 0, 18, -6, -6,
    0, 0, -4, -9, -4, -15, -13, -5,
    0, 0, 0, 0, 0, 0, -31, 6,
    -14, 18, -1, -35, -17, -4, 0, 18,
    -5, -60, -13, -50, -9, -53, 0, 0,
    0, 0, -2, -8, 0, 0, 1, -16,
    -4, -22, -9, 0, 7, 0, 0, -5,
    0, -4, 4, -24, -12, -25, -1, 4,
    -1, -33, 0, -30, 0, -7, 0, 0,
    -13, 0, -9, 0, -9, 0, -13, 0,
    0, -4, -12, 8, -4, 5, -7, -9,
    0, 0, 0, 0, 0, 0, 0, -1,
    -9, 8, 0, 0, -2, -6, 0, 4,
    -2, -9, 0, -6, -4, -4, -2, 0,
    -4, 0, -6, 0, 0, 0, -4, 0,
    0, -2, -3, -5, 0, 0, 0, 0,
    0, 0, -11, -4, 4, 2, 0, -1,
    0, -4, 0, -3, 0, -7, 0, -6,
    -4, -9, -4, 0, 0, 0, 0, -4,
    0, 0, -2, -4, 0, -4, -2, -2,
    4, 0, 0, -10, 0, 18, 8, -32,
    -22, -22, -12, 12, -18, -35, 0, -26,
    -9, 6, 0, 8, 0, 8, 0, 0,
    -35, 23, -35, -17, 0, -35, -35, -17,
    -35, -35, -35, -35, 0, 0, 0, 0,
    0, 0, 0, -9, 0, -4, 0, 0,
    0, -2, 0, -10, 0, 0, 0, 0,
    -3, 0, 0, 0, 0, 0, 0, 0,
    0, 0, 0, 0, 0, 0, 0, 0,
    7, 0, 0, -20, 0, 13, 4, -26,
    -24, -9, -20, 8, -9, -30, 0, -26,
    -6, 8, 0, 0, -7, 1, 0, 0,
    -28, 20, -30, -9, 0, -26, -30, -8,
    -22, -15, -28, -25, 12, 0, 0, 0,
    0, 4, -6, 4, -10, 9, 0, 4,
    -13, -5, 0, 9, -4, 0, -3, -7,
    0, 0, 0, 0, 0, 15, -4, -10,
    0, 0, -4, -11, 0, -14, -11, -10,
    30, 0, 0, -4, 0, 17, 12, -32,
    -26, -10, -18, 20, -18, -29, 23, -20,
    -9, 9, 0, 1, 1, 4, 0, 0,
    -35, 0, -39, -18, 0, -35, -37, -17,
    -35, -33, -36, -37, 0, 0, 0, 0,
    0, 9, -4, 4, -9, 10, 0, 4,
    -7, -4, 0, 9, -4, 1, 0, -6,
    0, 0, 0, 0, -4, 0, -7, -4,
    0, 0, -4, -10, -4, -15, -7, -11,
    0, 0, 0, 0, 0, 0, -8, 0,
    0, 0, 0, -6, 0, 0, 0, 0,
    0, 0, 0, 0, 0, 0, 0, 0,
    0, 0, 0, 0, 0, 0, 0, 0,
    0, -2, 0, 0, 0, 0, 0, 0,
    0, -4, -14, -6, 7, 0, 0, -12,
    0, 0, 0, 0, 0, 0, 0, 0,
    0, 0, 0, 0, 0, 0, 0, -2,
    0, 0, 0, -2, 0, -6, -6, -4,
    0, 0, 0, 0, 0, 4, 0, 4,
    -4, 7, 4, 0, 0, 0, 0, 0,
    0, 0, 0, 0, 0, 0, 0, 0,
    0, 0, -4, 2, 0, 0, 0, 2,
    0, 5, 11, 0, 0, 0, 0, 0,
    0, 0, 13, 0, 0, 0, 0, 0,
    0, 0, 0, 0, 0, 0, 0, 0,
    0, 0, 0, 0, 0, 0, 0, 0,
    0, 0, 0, 0, 0, 0, 0, 0,
    0, 0, 0, 0, 0, -4, -10, 0,
    6, 7, 0, -4, 0, 0, 0, 0,
    0, 0, 0, 0, 0, 0, 0, 0,
    0, 0, 0, -2, 0, 0, 0, -2,
    0, -4, 0, -5, 14, 0, 0, -3,
    0, 24, 14, -13, -3, 0, 4, 22,
    0, 0, 0, 0, 0, 0, 0, 0,
    0, 0, 0, 0, -2, 0, -5, -14,
    0, 0, -2, -14, 0, -6, -12, -4,
    0, 0, 0, 0, 0, 0, 0, 0,
    0, 0, 0, -4, 0, 0, 0, 0,
    0, 0, 0, 0, 0, 0, 0, 0,
    0, 0, 0, 0, 0, 0, 0, 0,
    0, 0, 0, 0, 0, 0, 0, 0,
    0, 0, 6, 6, -12, 9, 0, -8,
    0, 0, 0, 0, 0, 0, 0, 0,
    0, 0, 0, 0, -2, 0, -3, 0,
    0, 0, -3, -8, 0, -9, -9, -2,
    0, -25, -12, 0, -4, 25, -22, 4,
    -1, 14, 0, -12, -3, 0, 0, 0,
    0, 0, 0, 0, 0, 0, 0, -8,
    0, 0, -2, -6, 0, 0, -2, -8,
    0, -6, 0, 0, 0, 0, 0, 0,
    0, 0, 0, 0, 0, 0, 0, 1,
    0, 0, 0, 0, 0, 0, 0, 0,
    0, 0, 0, 0, 0, 0, 0, 0,
    7, 0, 0, 0, 0, 0, 0, 0,
    6, 0, 0, -8, 0, 5, 17, -11,
    -8, -8, 8, 0, 0, 0, 0, 0,
    0, 0, 0, 0, 0, 0, 0, 0,
    -2, 0, -4, 13, 0, 0, -2, 13,
    0, 13, 2, 4, 0, 0, 0, 0,
    0, 0, -4, -2, 0, 0, 0, -4,
    0, 0, 0, 0, 0, 0, 0, 0,
    0, 0, 0, 0, 0, 0, 0, 0,
    0, 0, 0, -2, 0, -4, -2, -2,
    2, 0, 0, 0, 0, 36, 9, 10,
    0, 22, 2, 4, 0, 0, 0, 0,
    0, 0, 0, 0, 0, 0, 0, 0,
    0, 8, -2, -3, 0, 0, 0, -20,
    0, 4, 4, 2, 0, 0, 0, -2,
    0, 0, 12, -21, -7, -10, 0, -7,
    0, 0, 0, 0, 0, 0, 0, 0,
    0, 0, 0, 0, -4, 0, -6, 4,
    0, 0, -4, 8, 0, 21, -4, -4,
    0, 0, 0, 0, 0, 0, 8, 8,
    -9, 8, 0, -13, 0, 0, 0, 0,
    0, 0, 0, 0, 0, 0, 0, 0,
    0, 0, -6, 0, 0, 0, -2, 0,
    0, -4, 0, -2, 0, 0, 0, 0,
    0, 0, 0, 0, -11, 0, 0, -13,
    0, 0, 0, -2, 0, 0, 0, 0,
    0, 0, 0, 0, -2, 0, -4, 0,
    0, 0, -2, 0, 0, -4, -2, 0
};


/*Collect the kern class' data in one place*/
static const lv_font_fmt_txt_kern_classes_t kern_classes =
{
    .class_pair_values   = kern_class_values,
    .left_class_mapping  = kern_left_class_mapping,
    .right_class_mapping = kern_right_class_mapping,
    .left_class_cnt      = 44,
    .right_class_cnt     = 36,
};

/*--------------------
 *  ALL CUSTOM DATA
 *--------------------*/

#if LVGL_VERSION_MAJOR == 8
/*Store all the custom data of the font*/
static  lv_font_fmt_txt_glyph_cache_t cache;
#endif

#if LVGL_VERSION_MAJOR >= 8
static const lv_font_fmt_txt_dsc_t font_dsc = {
#else
static lv_font_fmt_txt_dsc_t font_dsc = {
#endif
    .glyph_bitmap = glyph_bitmap,
    .glyph_dsc = glyph_dsc,
    .cmaps = cmaps,
    .kern_dsc = &kern_classes,
    .kern_scale = 16,
    .cmap_num = 1,
    .bpp = 4,
    .kern_classes = 1,
    .bitmap_format = 0,
#if LVGL_VERSION_MAJOR == 8
    .cache = &cache
#endif
};



/*-----------------
 *  PUBLIC FONT
 *----------------*/

/*Initialize a public general font descriptor*/
#if LVGL_VERSION_MAJOR >= 8
const lv_font_t nunito_28 = {
#else
lv_font_t nunito_28 = {
#endif
    .get_glyph_dsc = lv_font_get_glyph_dsc_fmt_txt,    /*Function pointer to get glyph's data*/
    .get_glyph_bitmap = lv_font_get_bitmap_fmt_txt,    /*Function pointer to get glyph's bitmap*/
    .line_height = 30,          /*The maximum line height required by the font*/
    .base_line = 6,             /*Baseline measured from the bottom of the line*/
#if !(LVGL_VERSION_MAJOR == 6 && LVGL_VERSION_MINOR == 0)
    .subpx = LV_FONT_SUBPX_NONE,
#endif
#if LV_VERSION_CHECK(7, 4, 0) || LVGL_VERSION_MAJOR >= 8
    .underline_position = -2,
    .underline_thickness = 1,
#endif
    .dsc = &font_dsc,          /*The custom font data. Will be accessed by `get_glyph_bitmap/dsc` */
#if LV_VERSION_CHECK(8, 2, 0) || LVGL_VERSION_MAJOR >= 9
    .fallback = NULL,
#endif
    .user_data = NULL,
};



#endif /*#if NUNITO_28*/

